# architecture-0.2; original synthetic architecture, meters, Z up
mtllib warehouse.mtl
o wall-south-pier-0
usemtl wall
v 0 0 0
v 0 0 10
v 0 0.2 0
v 0 0.2 10
v 6.25 0 0
v 6.25 0 10
v 6.25 0.2 0
v 6.25 0.2 10
f 3 7 5 1
f 6 8 4 2
f 5 6 2 1
f 4 8 7 3
f 2 4 3 1
f 7 8 6 5
o wall-south-lintel-0
usemtl wall
v 6.25 0 4.2
v 6.25 0 10
v 6.25 0.2 4.2
v 6.25 0.2 10
v 9.75 0 4.2
v 9.75 0 10
v 9.75 0.2 4.2
v 9.75 0.2 10
f 11 15 13 9
f 14 16 12 10
f 13 14 10 9
f 12 16 15 11
f 10 12 11 9
f 15 16 14 13
o wall-south-pane-0
usemtl metal
v 6.25 0.08 0
v 6.25 0.08 4.2
v 6.25 0.12 0
v 6.25 0.12 4.2
v 9.75 0.08 0
v 9.75 0.08 4.2
v 9.75 0.12 0
v 9.75 0.12 4.2
f 19 23 21 17
f 22 24 20 18
f 21 22 18 17
f 20 24 23 19
f 18 20 19 17
f 23 24 22 21
o wall-south-pier-1
usemtl wall
v 9.75 0 0
v 9.75 0 10
v 9.75 0.2 0
v 9.75 0.2 10
v 14.25 0 0
v 14.25 0 10
v 14.25 0.2 0
v 14.25 0.2 10
f 27 31 29 25
f 30 32 28 26
f 29 30 26 25
f 28 32 31 27
f 26 28 27 25
f 31 32 30 29
o wall-south-lintel-1
usemtl wall
v 14.25 0 4.2
v 14.25 0 10
v 14.25 0.2 4.2
v 14.25 0.2 10
v 17.75 0 4.2
v 17.75 0 10
v 17.75 0.2 4.2
v 17.75 0.2 10
f 35 39 37 33
f 38 40 36 34
f 37 38 34 33
f 36 40 39 35
f 34 36 35 33
f 39 40 38 37
o wall-south-pane-1
usemtl metal
v 14.25 0.08 0
v 14.25 0.08 4.2
v 14.25 0.12 0
v 14.25 0.12 4.2
v 17.75 0.08 0
v 17.75 0.08 4.2
v 17.75 0.12 0
v 17.75 0.12 4.2
f 43 47 45 41
f 46 48 44 42
f 45 46 42 41
f 44 48 47 43
f 42 44 43 41
f 47 48 46 45
o wall-south-pier-2
usemtl wall
v 17.75 0 0
v 17.75 0 10
v 17.75 0.2 0
v 17.75 0.2 10
v 22.25 0 0
v 22.25 0 10
v 22.25 0.2 0
v 22.25 0.2 10
f 51 55 53 49
f 54 56 52 50
f 53 54 50 49
f 52 56 55 51
f 50 52 51 49
f 55 56 54 53
o wall-south-lintel-2
usemtl wall
v 22.25 0 4.2
v 22.25 0 10
v 22.25 0.2 4.2
v 22.25 0.2 10
v 25.75 0 4.2
v 25.75 0 10
v 25.75 0.2 4.2
v 25.75 0.2 10
f 59 63 61 57
f 62 64 60 58
f 61 62 58 57
f 60 64 63 59
f 58 60 59 57
f 63 64 62 61
o wall-south-pane-2
usemtl metal
v 22.25 0.08 0
v 22.25 0.08 4.2
v 22.25 0.12 0
v 22.25 0.12 4.2
v 25.75 0.08 0
v 25.75 0.08 4.2
v 25.75 0.12 0
v 25.75 0.12 4.2
f 67 71 69 65
f 70 72 68 66
f 69 70 66 65
f 68 72 71 67
f 66 68 67 65
f 71 72 70 69
o wall-south-end
usemtl wall
v 25.75 0 0
v 25.75 0 10
v 25.75 0.2 0
v 25.75 0.2 10
v 40 0 0
v 40 0 10
v 40 0.2 0
v 40 0.2 10
f 75 79 77 73
f 78 80 76 74
f 77 78 74 73
f 76 80 79 75
f 74 76 75 73
f 79 80 78 77
o wall-north-pier-0
usemtl wall
v 0 25.8 0
v 0 25.8 10
v 0 26 0
v 0 26 10
v 2.5 25.8 0
v 2.5 25.8 10
v 2.5 26 0
v 2.5 26 10
f 83 87 85 81
f 86 88 84 82
f 85 86 82 81
f 84 88 87 83
f 82 84 83 81
f 87 88 86 85
o wall-north-sill-0
usemtl wall
v 2.5 25.8 0
v 2.5 25.8 7
v 2.5 26 0
v 2.5 26 7
v 5.5 25.8 0
v 5.5 25.8 7
v 5.5 26 0
v 5.5 26 7
f 91 95 93 89
f 94 96 92 90
f 93 94 90 89
f 92 96 95 91
f 90 92 91 89
f 95 96 94 93
o wall-north-lintel-0
usemtl wall
v 2.5 25.8 8.5
v 2.5 25.8 10
v 2.5 26 8.5
v 2.5 26 10
v 5.5 25.8 8.5
v 5.5 25.8 10
v 5.5 26 8.5
v 5.5 26 10
f 99 103 101 97
f 102 104 100 98
f 101 102 98 97
f 100 104 103 99
f 98 100 99 97
f 103 104 102 101
o wall-north-pane-0
usemtl glass
v 2.5 25.88 7
v 2.5 25.88 8.5
v 2.5 25.92 7
v 2.5 25.92 8.5
v 5.5 25.88 7
v 5.5 25.88 8.5
v 5.5 25.92 7
v 5.5 25.92 8.5
f 107 111 109 105
f 110 112 108 106
f 109 110 106 105
f 108 112 111 107
f 106 108 107 105
f 111 112 110 109
o wall-north-pier-1
usemtl wall
v 5.5 25.8 0
v 5.5 25.8 10
v 5.5 26 0
v 5.5 26 10
v 6.5 25.8 0
v 6.5 25.8 10
v 6.5 26 0
v 6.5 26 10
f 115 119 117 113
f 118 120 116 114
f 117 118 114 113
f 116 120 119 115
f 114 116 115 113
f 119 120 118 117
o wall-north-sill-1
usemtl wall
v 6.5 25.8 0
v 6.5 25.8 7
v 6.5 26 0
v 6.5 26 7
v 9.5 25.8 0
v 9.5 25.8 7
v 9.5 26 0
v 9.5 26 7
f 123 127 125 121
f 126 128 124 122
f 125 126 122 121
f 124 128 127 123
f 122 124 123 121
f 127 128 126 125
o wall-north-lintel-1
usemtl wall
v 6.5 25.8 8.5
v 6.5 25.8 10
v 6.5 26 8.5
v 6.5 26 10
v 9.5 25.8 8.5
v 9.5 25.8 10
v 9.5 26 8.5
v 9.5 26 10
f 131 135 133 129
f 134 136 132 130
f 133 134 130 129
f 132 136 135 131
f 130 132 131 129
f 135 136 134 133
o wall-north-pane-1
usemtl glass
v 6.5 25.88 7
v 6.5 25.88 8.5
v 6.5 25.92 7
v 6.5 25.92 8.5
v 9.5 25.88 7
v 9.5 25.88 8.5
v 9.5 25.92 7
v 9.5 25.92 8.5
f 139 143 141 137
f 142 144 140 138
f 141 142 138 137
f 140 144 143 139
f 138 140 139 137
f 143 144 142 141
o wall-north-pier-2
usemtl wall
v 9.5 25.8 0
v 9.5 25.8 10
v 9.5 26 0
v 9.5 26 10
v 10.5 25.8 0
v 10.5 25.8 10
v 10.5 26 0
v 10.5 26 10
f 147 151 149 145
f 150 152 148 146
f 149 150 146 145
f 148 152 151 147
f 146 148 147 145
f 151 152 150 149
o wall-north-sill-2
usemtl wall
v 10.5 25.8 0
v 10.5 25.8 7
v 10.5 26 0
v 10.5 26 7
v 13.5 25.8 0
v 13.5 25.8 7
v 13.5 26 0
v 13.5 26 7
f 155 159 157 153
f 158 160 156 154
f 157 158 154 153
f 156 160 159 155
f 154 156 155 153
f 159 160 158 157
o wall-north-lintel-2
usemtl wall
v 10.5 25.8 8.5
v 10.5 25.8 10
v 10.5 26 8.5
v 10.5 26 10
v 13.5 25.8 8.5
v 13.5 25.8 10
v 13.5 26 8.5
v 13.5 26 10
f 163 167 165 161
f 166 168 164 162
f 165 166 162 161
f 164 168 167 163
f 162 164 163 161
f 167 168 166 165
o wall-north-pane-2
usemtl glass
v 10.5 25.88 7
v 10.5 25.88 8.5
v 10.5 25.92 7
v 10.5 25.92 8.5
v 13.5 25.88 7
v 13.5 25.88 8.5
v 13.5 25.92 7
v 13.5 25.92 8.5
f 171 175 173 169
f 174 176 172 170
f 173 174 170 169
f 172 176 175 171
f 170 172 171 169
f 175 176 174 173
o wall-north-pier-3
usemtl wall
v 13.5 25.8 0
v 13.5 25.8 10
v 13.5 26 0
v 13.5 26 10
v 14.5 25.8 0
v 14.5 25.8 10
v 14.5 26 0
v 14.5 26 10
f 179 183 181 177
f 182 184 180 178
f 181 182 178 177
f 180 184 183 179
f 178 180 179 177
f 183 184 182 181
o wall-north-sill-3
usemtl wall
v 14.5 25.8 0
v 14.5 25.8 7
v 14.5 26 0
v 14.5 26 7
v 17.5 25.8 0
v 17.5 25.8 7
v 17.5 26 0
v 17.5 26 7
f 187 191 189 185
f 190 192 188 186
f 189 190 186 185
f 188 192 191 187
f 186 188 187 185
f 191 192 190 189
o wall-north-lintel-3
usemtl wall
v 14.5 25.8 8.5
v 14.5 25.8 10
v 14.5 26 8.5
v 14.5 26 10
v 17.5 25.8 8.5
v 17.5 25.8 10
v 17.5 26 8.5
v 17.5 26 10
f 195 199 197 193
f 198 200 196 194
f 197 198 194 193
f 196 200 199 195
f 194 196 195 193
f 199 200 198 197
o wall-north-pane-3
usemtl glass
v 14.5 25.88 7
v 14.5 25.88 8.5
v 14.5 25.92 7
v 14.5 25.92 8.5
v 17.5 25.88 7
v 17.5 25.88 8.5
v 17.5 25.92 7
v 17.5 25.92 8.5
f 203 207 205 201
f 206 208 204 202
f 205 206 202 201
f 204 208 207 203
f 202 204 203 201
f 207 208 206 205
o wall-north-pier-4
usemtl wall
v 17.5 25.8 0
v 17.5 25.8 10
v 17.5 26 0
v 17.5 26 10
v 18.5 25.8 0
v 18.5 25.8 10
v 18.5 26 0
v 18.5 26 10
f 211 215 213 209
f 214 216 212 210
f 213 214 210 209
f 212 216 215 211
f 210 212 211 209
f 215 216 214 213
o wall-north-sill-4
usemtl wall
v 18.5 25.8 0
v 18.5 25.8 7
v 18.5 26 0
v 18.5 26 7
v 21.5 25.8 0
v 21.5 25.8 7
v 21.5 26 0
v 21.5 26 7
f 219 223 221 217
f 222 224 220 218
f 221 222 218 217
f 220 224 223 219
f 218 220 219 217
f 223 224 222 221
o wall-north-lintel-4
usemtl wall
v 18.5 25.8 8.5
v 18.5 25.8 10
v 18.5 26 8.5
v 18.5 26 10
v 21.5 25.8 8.5
v 21.5 25.8 10
v 21.5 26 8.5
v 21.5 26 10
f 227 231 229 225
f 230 232 228 226
f 229 230 226 225
f 228 232 231 227
f 226 228 227 225
f 231 232 230 229
o wall-north-pane-4
usemtl glass
v 18.5 25.88 7
v 18.5 25.88 8.5
v 18.5 25.92 7
v 18.5 25.92 8.5
v 21.5 25.88 7
v 21.5 25.88 8.5
v 21.5 25.92 7
v 21.5 25.92 8.5
f 235 239 237 233
f 238 240 236 234
f 237 238 234 233
f 236 240 239 235
f 234 236 235 233
f 239 240 238 237
o wall-north-pier-5
usemtl wall
v 21.5 25.8 0
v 21.5 25.8 10
v 21.5 26 0
v 21.5 26 10
v 22.5 25.8 0
v 22.5 25.8 10
v 22.5 26 0
v 22.5 26 10
f 243 247 245 241
f 246 248 244 242
f 245 246 242 241
f 244 248 247 243
f 242 244 243 241
f 247 248 246 245
o wall-north-sill-5
usemtl wall
v 22.5 25.8 0
v 22.5 25.8 7
v 22.5 26 0
v 22.5 26 7
v 25.5 25.8 0
v 25.5 25.8 7
v 25.5 26 0
v 25.5 26 7
f 251 255 253 249
f 254 256 252 250
f 253 254 250 249
f 252 256 255 251
f 250 252 251 249
f 255 256 254 253
o wall-north-lintel-5
usemtl wall
v 22.5 25.8 8.5
v 22.5 25.8 10
v 22.5 26 8.5
v 22.5 26 10
v 25.5 25.8 8.5
v 25.5 25.8 10
v 25.5 26 8.5
v 25.5 26 10
f 259 263 261 257
f 262 264 260 258
f 261 262 258 257
f 260 264 263 259
f 258 260 259 257
f 263 264 262 261
o wall-north-pane-5
usemtl glass
v 22.5 25.88 7
v 22.5 25.88 8.5
v 22.5 25.92 7
v 22.5 25.92 8.5
v 25.5 25.88 7
v 25.5 25.88 8.5
v 25.5 25.92 7
v 25.5 25.92 8.5
f 267 271 269 265
f 270 272 268 266
f 269 270 266 265
f 268 272 271 267
f 266 268 267 265
f 271 272 270 269
o wall-north-pier-6
usemtl wall
v 25.5 25.8 0
v 25.5 25.8 10
v 25.5 26 0
v 25.5 26 10
v 26.5 25.8 0
v 26.5 25.8 10
v 26.5 26 0
v 26.5 26 10
f 275 279 277 273
f 278 280 276 274
f 277 278 274 273
f 276 280 279 275
f 274 276 275 273
f 279 280 278 277
o wall-north-sill-6
usemtl wall
v 26.5 25.8 0
v 26.5 25.8 7
v 26.5 26 0
v 26.5 26 7
v 29.5 25.8 0
v 29.5 25.8 7
v 29.5 26 0
v 29.5 26 7
f 283 287 285 281
f 286 288 284 282
f 285 286 282 281
f 284 288 287 283
f 282 284 283 281
f 287 288 286 285
o wall-north-lintel-6
usemtl wall
v 26.5 25.8 8.5
v 26.5 25.8 10
v 26.5 26 8.5
v 26.5 26 10
v 29.5 25.8 8.5
v 29.5 25.8 10
v 29.5 26 8.5
v 29.5 26 10
f 291 295 293 289
f 294 296 292 290
f 293 294 290 289
f 292 296 295 291
f 290 292 291 289
f 295 296 294 293
o wall-north-pane-6
usemtl glass
v 26.5 25.88 7
v 26.5 25.88 8.5
v 26.5 25.92 7
v 26.5 25.92 8.5
v 29.5 25.88 7
v 29.5 25.88 8.5
v 29.5 25.92 7
v 29.5 25.92 8.5
f 299 303 301 297
f 302 304 300 298
f 301 302 298 297
f 300 304 303 299
f 298 300 299 297
f 303 304 302 301
o wall-north-pier-7
usemtl wall
v 29.5 25.8 0
v 29.5 25.8 10
v 29.5 26 0
v 29.5 26 10
v 30.5 25.8 0
v 30.5 25.8 10
v 30.5 26 0
v 30.5 26 10
f 307 311 309 305
f 310 312 308 306
f 309 310 306 305
f 308 312 311 307
f 306 308 307 305
f 311 312 310 309
o wall-north-sill-7
usemtl wall
v 30.5 25.8 0
v 30.5 25.8 7
v 30.5 26 0
v 30.5 26 7
v 33.5 25.8 0
v 33.5 25.8 7
v 33.5 26 0
v 33.5 26 7
f 315 319 317 313
f 318 320 316 314
f 317 318 314 313
f 316 320 319 315
f 314 316 315 313
f 319 320 318 317
o wall-north-lintel-7
usemtl wall
v 30.5 25.8 8.5
v 30.5 25.8 10
v 30.5 26 8.5
v 30.5 26 10
v 33.5 25.8 8.5
v 33.5 25.8 10
v 33.5 26 8.5
v 33.5 26 10
f 323 327 325 321
f 326 328 324 322
f 325 326 322 321
f 324 328 327 323
f 322 324 323 321
f 327 328 326 325
o wall-north-pane-7
usemtl glass
v 30.5 25.88 7
v 30.5 25.88 8.5
v 30.5 25.92 7
v 30.5 25.92 8.5
v 33.5 25.88 7
v 33.5 25.88 8.5
v 33.5 25.92 7
v 33.5 25.92 8.5
f 331 335 333 329
f 334 336 332 330
f 333 334 330 329
f 332 336 335 331
f 330 332 331 329
f 335 336 334 333
o wall-north-pier-8
usemtl wall
v 33.5 25.8 0
v 33.5 25.8 10
v 33.5 26 0
v 33.5 26 10
v 34.5 25.8 0
v 34.5 25.8 10
v 34.5 26 0
v 34.5 26 10
f 339 343 341 337
f 342 344 340 338
f 341 342 338 337
f 340 344 343 339
f 338 340 339 337
f 343 344 342 341
o wall-north-sill-8
usemtl wall
v 34.5 25.8 0
v 34.5 25.8 7
v 34.5 26 0
v 34.5 26 7
v 37.5 25.8 0
v 37.5 25.8 7
v 37.5 26 0
v 37.5 26 7
f 347 351 349 345
f 350 352 348 346
f 349 350 346 345
f 348 352 351 347
f 346 348 347 345
f 351 352 350 349
o wall-north-lintel-8
usemtl wall
v 34.5 25.8 8.5
v 34.5 25.8 10
v 34.5 26 8.5
v 34.5 26 10
v 37.5 25.8 8.5
v 37.5 25.8 10
v 37.5 26 8.5
v 37.5 26 10
f 355 359 357 353
f 358 360 356 354
f 357 358 354 353
f 356 360 359 355
f 354 356 355 353
f 359 360 358 357
o wall-north-pane-8
usemtl glass
v 34.5 25.88 7
v 34.5 25.88 8.5
v 34.5 25.92 7
v 34.5 25.92 8.5
v 37.5 25.88 7
v 37.5 25.88 8.5
v 37.5 25.92 7
v 37.5 25.92 8.5
f 363 367 365 361
f 366 368 364 362
f 365 366 362 361
f 364 368 367 363
f 362 364 363 361
f 367 368 366 365
o wall-north-end
usemtl wall
v 37.5 25.8 0
v 37.5 25.8 10
v 37.5 26 0
v 37.5 26 10
v 40 25.8 0
v 40 25.8 10
v 40 26 0
v 40 26 10
f 371 375 373 369
f 374 376 372 370
f 373 374 370 369
f 372 376 375 371
f 370 372 371 369
f 375 376 374 373
o wall-west-end
usemtl wall
v 0 0.2 0
v 0 0.2 10
v 0 25.8 0
v 0 25.8 10
v 0.2 0.2 0
v 0.2 0.2 10
v 0.2 25.8 0
v 0.2 25.8 10
f 379 383 381 377
f 382 384 380 378
f 381 382 378 377
f 380 384 383 379
f 378 380 379 377
f 383 384 382 381
o wall-east-end
usemtl wall
v 39.8 0.2 0
v 39.8 0.2 10
v 39.8 25.8 0
v 39.8 25.8 10
v 40 0.2 0
v 40 0.2 10
v 40 25.8 0
v 40 25.8 10
f 387 391 389 385
f 390 392 388 386
f 389 390 386 385
f 388 392 391 387
f 386 388 387 385
f 391 392 390 389
o truss-0
usemtl metal
v 4.85 0.2 8.6
v 4.85 0.2 9
v 4.85 25.8 8.6
v 4.85 25.8 9
v 5.15 0.2 8.6
v 5.15 0.2 9
v 5.15 25.8 8.6
v 5.15 25.8 9
f 395 399 397 393
f 398 400 396 394
f 397 398 394 393
f 396 400 399 395
f 394 396 395 393
f 399 400 398 397
o high-bay-0-0-cord
usemtl metal
v 4.99 6.49 7.85
v 4.99 6.49 8.6
v 4.99 6.51 7.85
v 4.99 6.51 8.6
v 5.01 6.49 7.85
v 5.01 6.49 8.6
v 5.01 6.51 7.85
v 5.01 6.51 8.6
f 403 407 405 401
f 406 408 404 402
f 405 406 402 401
f 404 408 407 403
f 402 404 403 401
f 407 408 406 405
o high-bay-0-0-shade
usemtl lamp
v 4.75 6.25 7.6
v 4.75 6.25 7.85
v 4.75 6.75 7.6
v 4.75 6.75 7.85
v 5.25 6.25 7.6
v 5.25 6.25 7.85
v 5.25 6.75 7.6
v 5.25 6.75 7.85
f 411 415 413 409
f 414 416 412 410
f 413 414 410 409
f 412 416 415 411
f 410 412 411 409
f 415 416 414 413
o high-bay-0-1-cord
usemtl metal
v 4.99 19.49 7.85
v 4.99 19.49 8.6
v 4.99 19.51 7.85
v 4.99 19.51 8.6
v 5.01 19.49 7.85
v 5.01 19.49 8.6
v 5.01 19.51 7.85
v 5.01 19.51 8.6
f 419 423 421 417
f 422 424 420 418
f 421 422 418 417
f 420 424 423 419
f 418 420 419 417
f 423 424 422 421
o high-bay-0-1-shade
usemtl lamp
v 4.75 19.25 7.6
v 4.75 19.25 7.85
v 4.75 19.75 7.6
v 4.75 19.75 7.85
v 5.25 19.25 7.6
v 5.25 19.25 7.85
v 5.25 19.75 7.6
v 5.25 19.75 7.85
f 427 431 429 425
f 430 432 428 426
f 429 430 426 425
f 428 432 431 427
f 426 428 427 425
f 431 432 430 429
o truss-1
usemtl metal
v 10.85 0.2 8.6
v 10.85 0.2 9
v 10.85 25.8 8.6
v 10.85 25.8 9
v 11.15 0.2 8.6
v 11.15 0.2 9
v 11.15 25.8 8.6
v 11.15 25.8 9
f 435 439 437 433
f 438 440 436 434
f 437 438 434 433
f 436 440 439 435
f 434 436 435 433
f 439 440 438 437
o high-bay-1-0-cord
usemtl metal
v 10.99 6.49 7.85
v 10.99 6.49 8.6
v 10.99 6.51 7.85
v 10.99 6.51 8.6
v 11.01 6.49 7.85
v 11.01 6.49 8.6
v 11.01 6.51 7.85
v 11.01 6.51 8.6
f 443 447 445 441
f 446 448 444 442
f 445 446 442 441
f 444 448 447 443
f 442 444 443 441
f 447 448 446 445
o high-bay-1-0-shade
usemtl lamp
v 10.75 6.25 7.6
v 10.75 6.25 7.85
v 10.75 6.75 7.6
v 10.75 6.75 7.85
v 11.25 6.25 7.6
v 11.25 6.25 7.85
v 11.25 6.75 7.6
v 11.25 6.75 7.85
f 451 455 453 449
f 454 456 452 450
f 453 454 450 449
f 452 456 455 451
f 450 452 451 449
f 455 456 454 453
o high-bay-1-1-cord
usemtl metal
v 10.99 19.49 7.85
v 10.99 19.49 8.6
v 10.99 19.51 7.85
v 10.99 19.51 8.6
v 11.01 19.49 7.85
v 11.01 19.49 8.6
v 11.01 19.51 7.85
v 11.01 19.51 8.6
f 459 463 461 457
f 462 464 460 458
f 461 462 458 457
f 460 464 463 459
f 458 460 459 457
f 463 464 462 461
o high-bay-1-1-shade
usemtl lamp
v 10.75 19.25 7.6
v 10.75 19.25 7.85
v 10.75 19.75 7.6
v 10.75 19.75 7.85
v 11.25 19.25 7.6
v 11.25 19.25 7.85
v 11.25 19.75 7.6
v 11.25 19.75 7.85
f 467 471 469 465
f 470 472 468 466
f 469 470 466 465
f 468 472 471 467
f 466 468 467 465
f 471 472 470 469
o truss-2
usemtl metal
v 16.85 0.2 8.6
v 16.85 0.2 9
v 16.85 25.8 8.6
v 16.85 25.8 9
v 17.15 0.2 8.6
v 17.15 0.2 9
v 17.15 25.8 8.6
v 17.15 25.8 9
f 475 479 477 473
f 478 480 476 474
f 477 478 474 473
f 476 480 479 475
f 474 476 475 473
f 479 480 478 477
o high-bay-2-0-cord
usemtl metal
v 16.99 6.49 7.85
v 16.99 6.49 8.6
v 16.99 6.51 7.85
v 16.99 6.51 8.6
v 17.01 6.49 7.85
v 17.01 6.49 8.6
v 17.01 6.51 7.85
v 17.01 6.51 8.6
f 483 487 485 481
f 486 488 484 482
f 485 486 482 481
f 484 488 487 483
f 482 484 483 481
f 487 488 486 485
o high-bay-2-0-shade
usemtl lamp
v 16.75 6.25 7.6
v 16.75 6.25 7.85
v 16.75 6.75 7.6
v 16.75 6.75 7.85
v 17.25 6.25 7.6
v 17.25 6.25 7.85
v 17.25 6.75 7.6
v 17.25 6.75 7.85
f 491 495 493 489
f 494 496 492 490
f 493 494 490 489
f 492 496 495 491
f 490 492 491 489
f 495 496 494 493
o high-bay-2-1-cord
usemtl metal
v 16.99 19.49 7.85
v 16.99 19.49 8.6
v 16.99 19.51 7.85
v 16.99 19.51 8.6
v 17.01 19.49 7.85
v 17.01 19.49 8.6
v 17.01 19.51 7.85
v 17.01 19.51 8.6
f 499 503 501 497
f 502 504 500 498
f 501 502 498 497
f 500 504 503 499
f 498 500 499 497
f 503 504 502 501
o high-bay-2-1-shade
usemtl lamp
v 16.75 19.25 7.6
v 16.75 19.25 7.85
v 16.75 19.75 7.6
v 16.75 19.75 7.85
v 17.25 19.25 7.6
v 17.25 19.25 7.85
v 17.25 19.75 7.6
v 17.25 19.75 7.85
f 507 511 509 505
f 510 512 508 506
f 509 510 506 505
f 508 512 511 507
f 506 508 507 505
f 511 512 510 509
o truss-3
usemtl metal
v 22.85 0.2 8.6
v 22.85 0.2 9
v 22.85 25.8 8.6
v 22.85 25.8 9
v 23.15 0.2 8.6
v 23.15 0.2 9
v 23.15 25.8 8.6
v 23.15 25.8 9
f 515 519 517 513
f 518 520 516 514
f 517 518 514 513
f 516 520 519 515
f 514 516 515 513
f 519 520 518 517
o high-bay-3-0-cord
usemtl metal
v 22.99 6.49 7.85
v 22.99 6.49 8.6
v 22.99 6.51 7.85
v 22.99 6.51 8.6
v 23.01 6.49 7.85
v 23.01 6.49 8.6
v 23.01 6.51 7.85
v 23.01 6.51 8.6
f 523 527 525 521
f 526 528 524 522
f 525 526 522 521
f 524 528 527 523
f 522 524 523 521
f 527 528 526 525
o high-bay-3-0-shade
usemtl lamp
v 22.75 6.25 7.6
v 22.75 6.25 7.85
v 22.75 6.75 7.6
v 22.75 6.75 7.85
v 23.25 6.25 7.6
v 23.25 6.25 7.85
v 23.25 6.75 7.6
v 23.25 6.75 7.85
f 531 535 533 529
f 534 536 532 530
f 533 534 530 529
f 532 536 535 531
f 530 532 531 529
f 535 536 534 533
o high-bay-3-1-cord
usemtl metal
v 22.99 19.49 7.85
v 22.99 19.49 8.6
v 22.99 19.51 7.85
v 22.99 19.51 8.6
v 23.01 19.49 7.85
v 23.01 19.49 8.6
v 23.01 19.51 7.85
v 23.01 19.51 8.6
f 539 543 541 537
f 542 544 540 538
f 541 542 538 537
f 540 544 543 539
f 538 540 539 537
f 543 544 542 541
o high-bay-3-1-shade
usemtl lamp
v 22.75 19.25 7.6
v 22.75 19.25 7.85
v 22.75 19.75 7.6
v 22.75 19.75 7.85
v 23.25 19.25 7.6
v 23.25 19.25 7.85
v 23.25 19.75 7.6
v 23.25 19.75 7.85
f 547 551 549 545
f 550 552 548 546
f 549 550 546 545
f 548 552 551 547
f 546 548 547 545
f 551 552 550 549
o truss-4
usemtl metal
v 28.85 0.2 8.6
v 28.85 0.2 9
v 28.85 25.8 8.6
v 28.85 25.8 9
v 29.15 0.2 8.6
v 29.15 0.2 9
v 29.15 25.8 8.6
v 29.15 25.8 9
f 555 559 557 553
f 558 560 556 554
f 557 558 554 553
f 556 560 559 555
f 554 556 555 553
f 559 560 558 557
o high-bay-4-0-cord
usemtl metal
v 28.99 6.49 7.85
v 28.99 6.49 8.6
v 28.99 6.51 7.85
v 28.99 6.51 8.6
v 29.01 6.49 7.85
v 29.01 6.49 8.6
v 29.01 6.51 7.85
v 29.01 6.51 8.6
f 563 567 565 561
f 566 568 564 562
f 565 566 562 561
f 564 568 567 563
f 562 564 563 561
f 567 568 566 565
o high-bay-4-0-shade
usemtl lamp
v 28.75 6.25 7.6
v 28.75 6.25 7.85
v 28.75 6.75 7.6
v 28.75 6.75 7.85
v 29.25 6.25 7.6
v 29.25 6.25 7.85
v 29.25 6.75 7.6
v 29.25 6.75 7.85
f 571 575 573 569
f 574 576 572 570
f 573 574 570 569
f 572 576 575 571
f 570 572 571 569
f 575 576 574 573
o high-bay-4-1-cord
usemtl metal
v 28.99 19.49 7.85
v 28.99 19.49 8.6
v 28.99 19.51 7.85
v 28.99 19.51 8.6
v 29.01 19.49 7.85
v 29.01 19.49 8.6
v 29.01 19.51 7.85
v 29.01 19.51 8.6
f 579 583 581 577
f 582 584 580 578
f 581 582 578 577
f 580 584 583 579
f 578 580 579 577
f 583 584 582 581
o high-bay-4-1-shade
usemtl lamp
v 28.75 19.25 7.6
v 28.75 19.25 7.85
v 28.75 19.75 7.6
v 28.75 19.75 7.85
v 29.25 19.25 7.6
v 29.25 19.25 7.85
v 29.25 19.75 7.6
v 29.25 19.75 7.85
f 587 591 589 585
f 590 592 588 586
f 589 590 586 585
f 588 592 591 587
f 586 588 587 585
f 591 592 590 589
o truss-5
usemtl metal
v 34.85 0.2 8.6
v 34.85 0.2 9
v 34.85 25.8 8.6
v 34.85 25.8 9
v 35.15 0.2 8.6
v 35.15 0.2 9
v 35.15 25.8 8.6
v 35.15 25.8 9
f 595 599 597 593
f 598 600 596 594
f 597 598 594 593
f 596 600 599 595
f 594 596 595 593
f 599 600 598 597
o high-bay-5-0-cord
usemtl metal
v 34.99 6.49 7.85
v 34.99 6.49 8.6
v 34.99 6.51 7.85
v 34.99 6.51 8.6
v 35.01 6.49 7.85
v 35.01 6.49 8.6
v 35.01 6.51 7.85
v 35.01 6.51 8.6
f 603 607 605 601
f 606 608 604 602
f 605 606 602 601
f 604 608 607 603
f 602 604 603 601
f 607 608 606 605
o high-bay-5-0-shade
usemtl lamp
v 34.75 6.25 7.6
v 34.75 6.25 7.85
v 34.75 6.75 7.6
v 34.75 6.75 7.85
v 35.25 6.25 7.6
v 35.25 6.25 7.85
v 35.25 6.75 7.6
v 35.25 6.75 7.85
f 611 615 613 609
f 614 616 612 610
f 613 614 610 609
f 612 616 615 611
f 610 612 611 609
f 615 616 614 613
o high-bay-5-1-cord
usemtl metal
v 34.99 19.49 7.85
v 34.99 19.49 8.6
v 34.99 19.51 7.85
v 34.99 19.51 8.6
v 35.01 19.49 7.85
v 35.01 19.49 8.6
v 35.01 19.51 7.85
v 35.01 19.51 8.6
f 619 623 621 617
f 622 624 620 618
f 621 622 618 617
f 620 624 623 619
f 618 620 619 617
f 623 624 622 621
o high-bay-5-1-shade
usemtl lamp
v 34.75 19.25 7.6
v 34.75 19.25 7.85
v 34.75 19.75 7.6
v 34.75 19.75 7.85
v 35.25 19.25 7.6
v 35.25 19.25 7.85
v 35.25 19.75 7.6
v 35.25 19.75 7.85
f 627 631 629 625
f 630 632 628 626
f 629 630 626 625
f 628 632 631 627
f 626 628 627 625
f 631 632 630 629
o purlin
usemtl metal
v 0.2 12.9 9
v 0.2 12.9 9.2
v 0.2 13.1 9
v 0.2 13.1 9.2
v 39.8 12.9 9
v 39.8 12.9 9.2
v 39.8 13.1 9
v 39.8 13.1 9.2
f 635 639 637 633
f 638 640 636 634
f 637 638 634 633
f 636 640 639 635
f 634 636 635 633
f 639 640 638 637
o rack-0-upright-0-s
usemtl rack
v 3 3 0
v 3 3 7
v 3 3.1 0
v 3 3.1 7
v 3.1 3 0
v 3.1 3 7
v 3.1 3.1 0
v 3.1 3.1 7
f 643 647 645 641
f 646 648 644 642
f 645 646 642 641
f 644 648 647 643
f 642 644 643 641
f 647 648 646 645
o rack-0-upright-0-n
usemtl rack
v 3 4 0
v 3 4 7
v 3 4.1 0
v 3 4.1 7
v 3.1 4 0
v 3.1 4 7
v 3.1 4.1 0
v 3.1 4.1 7
f 651 655 653 649
f 654 656 652 650
f 653 654 650 649
f 652 656 655 651
f 650 652 651 649
f 655 656 654 653
o rack-0-upright-1-s
usemtl rack
v 6 3 0
v 6 3 7
v 6 3.1 0
v 6 3.1 7
v 6.1 3 0
v 6.1 3 7
v 6.1 3.1 0
v 6.1 3.1 7
f 659 663 661 657
f 662 664 660 658
f 661 662 658 657
f 660 664 663 659
f 658 660 659 657
f 663 664 662 661
o rack-0-upright-1-n
usemtl rack
v 6 4 0
v 6 4 7
v 6 4.1 0
v 6 4.1 7
v 6.1 4 0
v 6.1 4 7
v 6.1 4.1 0
v 6.1 4.1 7
f 667 671 669 665
f 670 672 668 666
f 669 670 666 665
f 668 672 671 667
f 666 668 667 665
f 671 672 670 669
o rack-0-upright-2-s
usemtl rack
v 9 3 0
v 9 3 7
v 9 3.1 0
v 9 3.1 7
v 9.1 3 0
v 9.1 3 7
v 9.1 3.1 0
v 9.1 3.1 7
f 675 679 677 673
f 678 680 676 674
f 677 678 674 673
f 676 680 679 675
f 674 676 675 673
f 679 680 678 677
o rack-0-upright-2-n
usemtl rack
v 9 4 0
v 9 4 7
v 9 4.1 0
v 9 4.1 7
v 9.1 4 0
v 9.1 4 7
v 9.1 4.1 0
v 9.1 4.1 7
f 683 687 685 681
f 686 688 684 682
f 685 686 682 681
f 684 688 687 683
f 682 684 683 681
f 687 688 686 685
o rack-0-upright-3-s
usemtl rack
v 12 3 0
v 12 3 7
v 12 3.1 0
v 12 3.1 7
v 12.1 3 0
v 12.1 3 7
v 12.1 3.1 0
v 12.1 3.1 7
f 691 695 693 689
f 694 696 692 690
f 693 694 690 689
f 692 696 695 691
f 690 692 691 689
f 695 696 694 693
o rack-0-upright-3-n
usemtl rack
v 12 4 0
v 12 4 7
v 12 4.1 0
v 12 4.1 7
v 12.1 4 0
v 12.1 4 7
v 12.1 4.1 0
v 12.1 4.1 7
f 699 703 701 697
f 702 704 700 698
f 701 702 698 697
f 700 704 703 699
f 698 700 699 697
f 703 704 702 701
o rack-0-upright-4-s
usemtl rack
v 15 3 0
v 15 3 7
v 15 3.1 0
v 15 3.1 7
v 15.1 3 0
v 15.1 3 7
v 15.1 3.1 0
v 15.1 3.1 7
f 707 711 709 705
f 710 712 708 706
f 709 710 706 705
f 708 712 711 707
f 706 708 707 705
f 711 712 710 709
o rack-0-upright-4-n
usemtl rack
v 15 4 0
v 15 4 7
v 15 4.1 0
v 15 4.1 7
v 15.1 4 0
v 15.1 4 7
v 15.1 4.1 0
v 15.1 4.1 7
f 715 719 717 713
f 718 720 716 714
f 717 718 714 713
f 716 720 719 715
f 714 716 715 713
f 719 720 718 717
o rack-0-upright-5-s
usemtl rack
v 18 3 0
v 18 3 7
v 18 3.1 0
v 18 3.1 7
v 18.1 3 0
v 18.1 3 7
v 18.1 3.1 0
v 18.1 3.1 7
f 723 727 725 721
f 726 728 724 722
f 725 726 722 721
f 724 728 727 723
f 722 724 723 721
f 727 728 726 725
o rack-0-upright-5-n
usemtl rack
v 18 4 0
v 18 4 7
v 18 4.1 0
v 18 4.1 7
v 18.1 4 0
v 18.1 4 7
v 18.1 4.1 0
v 18.1 4.1 7
f 731 735 733 729
f 734 736 732 730
f 733 734 730 729
f 732 736 735 731
f 730 732 731 729
f 735 736 734 733
o rack-0-upright-6-s
usemtl rack
v 21 3 0
v 21 3 7
v 21 3.1 0
v 21 3.1 7
v 21.1 3 0
v 21.1 3 7
v 21.1 3.1 0
v 21.1 3.1 7
f 739 743 741 737
f 742 744 740 738
f 741 742 738 737
f 740 744 743 739
f 738 740 739 737
f 743 744 742 741
o rack-0-upright-6-n
usemtl rack
v 21 4 0
v 21 4 7
v 21 4.1 0
v 21 4.1 7
v 21.1 4 0
v 21.1 4 7
v 21.1 4.1 0
v 21.1 4.1 7
f 747 751 749 745
f 750 752 748 746
f 749 750 746 745
f 748 752 751 747
f 746 748 747 745
f 751 752 750 749
o rack-0-upright-7-s
usemtl rack
v 24 3 0
v 24 3 7
v 24 3.1 0
v 24 3.1 7
v 24.1 3 0
v 24.1 3 7
v 24.1 3.1 0
v 24.1 3.1 7
f 755 759 757 753
f 758 760 756 754
f 757 758 754 753
f 756 760 759 755
f 754 756 755 753
f 759 760 758 757
o rack-0-upright-7-n
usemtl rack
v 24 4 0
v 24 4 7
v 24 4.1 0
v 24 4.1 7
v 24.1 4 0
v 24.1 4 7
v 24.1 4.1 0
v 24.1 4.1 7
f 763 767 765 761
f 766 768 764 762
f 765 766 762 761
f 764 768 767 763
f 762 764 763 761
f 767 768 766 765
o rack-0-upright-8-s
usemtl rack
v 27 3 0
v 27 3 7
v 27 3.1 0
v 27 3.1 7
v 27.1 3 0
v 27.1 3 7
v 27.1 3.1 0
v 27.1 3.1 7
f 771 775 773 769
f 774 776 772 770
f 773 774 770 769
f 772 776 775 771
f 770 772 771 769
f 775 776 774 773
o rack-0-upright-8-n
usemtl rack
v 27 4 0
v 27 4 7
v 27 4.1 0
v 27 4.1 7
v 27.1 4 0
v 27.1 4 7
v 27.1 4.1 0
v 27.1 4.1 7
f 779 783 781 777
f 782 784 780 778
f 781 782 778 777
f 780 784 783 779
f 778 780 779 777
f 783 784 782 781
o rack-0-beam-0-s
usemtl rack
v 3 3 1.5
v 3 3 1.62
v 3 3.1 1.5
v 3 3.1 1.62
v 27.1 3 1.5
v 27.1 3 1.62
v 27.1 3.1 1.5
v 27.1 3.1 1.62
f 787 791 789 785
f 790 792 788 786
f 789 790 786 785
f 788 792 791 787
f 786 788 787 785
f 791 792 790 789
o rack-0-beam-0-n
usemtl rack
v 3 4 1.5
v 3 4 1.62
v 3 4.1 1.5
v 3 4.1 1.62
v 27.1 4 1.5
v 27.1 4 1.62
v 27.1 4.1 1.5
v 27.1 4.1 1.62
f 795 799 797 793
f 798 800 796 794
f 797 798 794 793
f 796 800 799 795
f 794 796 795 793
f 799 800 798 797
o rack-0-beam-1-s
usemtl rack
v 3 3 3
v 3 3 3.12
v 3 3.1 3
v 3 3.1 3.12
v 27.1 3 3
v 27.1 3 3.12
v 27.1 3.1 3
v 27.1 3.1 3.12
f 803 807 805 801
f 806 808 804 802
f 805 806 802 801
f 804 808 807 803
f 802 804 803 801
f 807 808 806 805
o rack-0-beam-1-n
usemtl rack
v 3 4 3
v 3 4 3.12
v 3 4.1 3
v 3 4.1 3.12
v 27.1 4 3
v 27.1 4 3.12
v 27.1 4.1 3
v 27.1 4.1 3.12
f 811 815 813 809
f 814 816 812 810
f 813 814 810 809
f 812 816 815 811
f 810 812 811 809
f 815 816 814 813
o rack-0-beam-2-s
usemtl rack
v 3 3 4.5
v 3 3 4.62
v 3 3.1 4.5
v 3 3.1 4.62
v 27.1 3 4.5
v 27.1 3 4.62
v 27.1 3.1 4.5
v 27.1 3.1 4.62
f 819 823 821 817
f 822 824 820 818
f 821 822 818 817
f 820 824 823 819
f 818 820 819 817
f 823 824 822 821
o rack-0-beam-2-n
usemtl rack
v 3 4 4.5
v 3 4 4.62
v 3 4.1 4.5
v 3 4.1 4.62
v 27.1 4 4.5
v 27.1 4 4.62
v 27.1 4.1 4.5
v 27.1 4.1 4.62
f 827 831 829 825
f 830 832 828 826
f 829 830 826 825
f 828 832 831 827
f 826 828 827 825
f 831 832 830 829
o rack-0-beam-3-s
usemtl rack
v 3 3 6
v 3 3 6.12
v 3 3.1 6
v 3 3.1 6.12
v 27.1 3 6
v 27.1 3 6.12
v 27.1 3.1 6
v 27.1 3.1 6.12
f 835 839 837 833
f 838 840 836 834
f 837 838 834 833
f 836 840 839 835
f 834 836 835 833
f 839 840 838 837
o rack-0-beam-3-n
usemtl rack
v 3 4 6
v 3 4 6.12
v 3 4.1 6
v 3 4.1 6.12
v 27.1 4 6
v 27.1 4 6.12
v 27.1 4.1 6
v 27.1 4.1 6.12
f 843 847 845 841
f 846 848 844 842
f 845 846 842 841
f 844 848 847 843
f 842 844 843 841
f 847 848 846 845
o rack-0-pallet-0-1
usemtl cargo
v 3.25 3.05 1.62
v 3.25 3.05 2.72
v 3.25 4.05 1.62
v 3.25 4.05 2.72
v 5.85 3.05 1.62
v 5.85 3.05 2.72
v 5.85 4.05 1.62
v 5.85 4.05 2.72
f 851 855 853 849
f 854 856 852 850
f 853 854 850 849
f 852 856 855 851
f 850 852 851 849
f 855 856 854 853
o rack-0-pallet-0-2
usemtl cargo
v 3.25 3.05 3.12
v 3.25 3.05 4.22
v 3.25 4.05 3.12
v 3.25 4.05 4.22
v 5.85 3.05 3.12
v 5.85 3.05 4.22
v 5.85 4.05 3.12
v 5.85 4.05 4.22
f 859 863 861 857
f 862 864 860 858
f 861 862 858 857
f 860 864 863 859
f 858 860 859 857
f 863 864 862 861
o rack-0-pallet-0-3
usemtl cargo
v 3.25 3.05 4.62
v 3.25 3.05 5.72
v 3.25 4.05 4.62
v 3.25 4.05 5.72
v 5.85 3.05 4.62
v 5.85 3.05 5.72
v 5.85 4.05 4.62
v 5.85 4.05 5.72
f 867 871 869 865
f 870 872 868 866
f 869 870 866 865
f 868 872 871 867
f 866 868 867 865
f 871 872 870 869
o rack-0-pallet-1-0
usemtl cargo
v 6.25 3.05 0
v 6.25 3.05 1.1
v 6.25 4.05 0
v 6.25 4.05 1.1
v 8.85 3.05 0
v 8.85 3.05 1.1
v 8.85 4.05 0
v 8.85 4.05 1.1
f 875 879 877 873
f 878 880 876 874
f 877 878 874 873
f 876 880 879 875
f 874 876 875 873
f 879 880 878 877
o rack-0-pallet-1-2
usemtl cargo
v 6.25 3.05 3.12
v 6.25 3.05 4.22
v 6.25 4.05 3.12
v 6.25 4.05 4.22
v 8.85 3.05 3.12
v 8.85 3.05 4.22
v 8.85 4.05 3.12
v 8.85 4.05 4.22
f 883 887 885 881
f 886 888 884 882
f 885 886 882 881
f 884 888 887 883
f 882 884 883 881
f 887 888 886 885
o rack-0-pallet-1-3
usemtl cargo
v 6.25 3.05 4.62
v 6.25 3.05 5.72
v 6.25 4.05 4.62
v 6.25 4.05 5.72
v 8.85 3.05 4.62
v 8.85 3.05 5.72
v 8.85 4.05 4.62
v 8.85 4.05 5.72
f 891 895 893 889
f 894 896 892 890
f 893 894 890 889
f 892 896 895 891
f 890 892 891 889
f 895 896 894 893
o rack-0-pallet-1-4
usemtl cargo
v 6.25 3.05 6.12
v 6.25 3.05 7.22
v 6.25 4.05 6.12
v 6.25 4.05 7.22
v 8.85 3.05 6.12
v 8.85 3.05 7.22
v 8.85 4.05 6.12
v 8.85 4.05 7.22
f 899 903 901 897
f 902 904 900 898
f 901 902 898 897
f 900 904 903 899
f 898 900 899 897
f 903 904 902 901
o rack-0-pallet-2-0
usemtl cargo
v 9.25 3.05 0
v 9.25 3.05 1.1
v 9.25 4.05 0
v 9.25 4.05 1.1
v 11.85 3.05 0
v 11.85 3.05 1.1
v 11.85 4.05 0
v 11.85 4.05 1.1
f 907 911 909 905
f 910 912 908 906
f 909 910 906 905
f 908 912 911 907
f 906 908 907 905
f 911 912 910 909
o rack-0-pallet-2-1
usemtl cargo
v 9.25 3.05 1.62
v 9.25 3.05 2.72
v 9.25 4.05 1.62
v 9.25 4.05 2.72
v 11.85 3.05 1.62
v 11.85 3.05 2.72
v 11.85 4.05 1.62
v 11.85 4.05 2.72
f 915 919 917 913
f 918 920 916 914
f 917 918 914 913
f 916 920 919 915
f 914 916 915 913
f 919 920 918 917
o rack-0-pallet-2-3
usemtl cargo
v 9.25 3.05 4.62
v 9.25 3.05 5.72
v 9.25 4.05 4.62
v 9.25 4.05 5.72
v 11.85 3.05 4.62
v 11.85 3.05 5.72
v 11.85 4.05 4.62
v 11.85 4.05 5.72
f 923 927 925 921
f 926 928 924 922
f 925 926 922 921
f 924 928 927 923
f 922 924 923 921
f 927 928 926 925
o rack-0-pallet-2-4
usemtl cargo
v 9.25 3.05 6.12
v 9.25 3.05 7.22
v 9.25 4.05 6.12
v 9.25 4.05 7.22
v 11.85 3.05 6.12
v 11.85 3.05 7.22
v 11.85 4.05 6.12
v 11.85 4.05 7.22
f 931 935 933 929
f 934 936 932 930
f 933 934 930 929
f 932 936 935 931
f 930 932 931 929
f 935 936 934 933
o rack-0-pallet-3-0
usemtl cargo
v 12.25 3.05 0
v 12.25 3.05 1.1
v 12.25 4.05 0
v 12.25 4.05 1.1
v 14.85 3.05 0
v 14.85 3.05 1.1
v 14.85 4.05 0
v 14.85 4.05 1.1
f 939 943 941 937
f 942 944 940 938
f 941 942 938 937
f 940 944 943 939
f 938 940 939 937
f 943 944 942 941
o rack-0-pallet-3-1
usemtl cargo
v 12.25 3.05 1.62
v 12.25 3.05 2.72
v 12.25 4.05 1.62
v 12.25 4.05 2.72
v 14.85 3.05 1.62
v 14.85 3.05 2.72
v 14.85 4.05 1.62
v 14.85 4.05 2.72
f 947 951 949 945
f 950 952 948 946
f 949 950 946 945
f 948 952 951 947
f 946 948 947 945
f 951 952 950 949
o rack-0-pallet-3-2
usemtl cargo
v 12.25 3.05 3.12
v 12.25 3.05 4.22
v 12.25 4.05 3.12
v 12.25 4.05 4.22
v 14.85 3.05 3.12
v 14.85 3.05 4.22
v 14.85 4.05 3.12
v 14.85 4.05 4.22
f 955 959 957 953
f 958 960 956 954
f 957 958 954 953
f 956 960 959 955
f 954 956 955 953
f 959 960 958 957
o rack-0-pallet-3-4
usemtl cargo
v 12.25 3.05 6.12
v 12.25 3.05 7.22
v 12.25 4.05 6.12
v 12.25 4.05 7.22
v 14.85 3.05 6.12
v 14.85 3.05 7.22
v 14.85 4.05 6.12
v 14.85 4.05 7.22
f 963 967 965 961
f 966 968 964 962
f 965 966 962 961
f 964 968 967 963
f 962 964 963 961
f 967 968 966 965
o rack-0-pallet-4-1
usemtl cargo
v 15.25 3.05 1.62
v 15.25 3.05 2.72
v 15.25 4.05 1.62
v 15.25 4.05 2.72
v 17.85 3.05 1.62
v 17.85 3.05 2.72
v 17.85 4.05 1.62
v 17.85 4.05 2.72
f 971 975 973 969
f 974 976 972 970
f 973 974 970 969
f 972 976 975 971
f 970 972 971 969
f 975 976 974 973
o rack-0-pallet-4-2
usemtl cargo
v 15.25 3.05 3.12
v 15.25 3.05 4.22
v 15.25 4.05 3.12
v 15.25 4.05 4.22
v 17.85 3.05 3.12
v 17.85 3.05 4.22
v 17.85 4.05 3.12
v 17.85 4.05 4.22
f 979 983 981 977
f 982 984 980 978
f 981 982 978 977
f 980 984 983 979
f 978 980 979 977
f 983 984 982 981
o rack-0-pallet-4-3
usemtl cargo
v 15.25 3.05 4.62
v 15.25 3.05 5.72
v 15.25 4.05 4.62
v 15.25 4.05 5.72
v 17.85 3.05 4.62
v 17.85 3.05 5.72
v 17.85 4.05 4.62
v 17.85 4.05 5.72
f 987 991 989 985
f 990 992 988 986
f 989 990 986 985
f 988 992 991 987
f 986 988 987 985
f 991 992 990 989
o rack-0-pallet-5-0
usemtl cargo
v 18.25 3.05 0
v 18.25 3.05 1.1
v 18.25 4.05 0
v 18.25 4.05 1.1
v 20.85 3.05 0
v 20.85 3.05 1.1
v 20.85 4.05 0
v 20.85 4.05 1.1
f 995 999 997 993
f 998 1000 996 994
f 997 998 994 993
f 996 1000 999 995
f 994 996 995 993
f 999 1000 998 997
o rack-0-pallet-5-2
usemtl cargo
v 18.25 3.05 3.12
v 18.25 3.05 4.22
v 18.25 4.05 3.12
v 18.25 4.05 4.22
v 20.85 3.05 3.12
v 20.85 3.05 4.22
v 20.85 4.05 3.12
v 20.85 4.05 4.22
f 1003 1007 1005 1001
f 1006 1008 1004 1002
f 1005 1006 1002 1001
f 1004 1008 1007 1003
f 1002 1004 1003 1001
f 1007 1008 1006 1005
o rack-0-pallet-5-3
usemtl cargo
v 18.25 3.05 4.62
v 18.25 3.05 5.72
v 18.25 4.05 4.62
v 18.25 4.05 5.72
v 20.85 3.05 4.62
v 20.85 3.05 5.72
v 20.85 4.05 4.62
v 20.85 4.05 5.72
f 1011 1015 1013 1009
f 1014 1016 1012 1010
f 1013 1014 1010 1009
f 1012 1016 1015 1011
f 1010 1012 1011 1009
f 1015 1016 1014 1013
o rack-0-pallet-5-4
usemtl cargo
v 18.25 3.05 6.12
v 18.25 3.05 7.22
v 18.25 4.05 6.12
v 18.25 4.05 7.22
v 20.85 3.05 6.12
v 20.85 3.05 7.22
v 20.85 4.05 6.12
v 20.85 4.05 7.22
f 1019 1023 1021 1017
f 1022 1024 1020 1018
f 1021 1022 1018 1017
f 1020 1024 1023 1019
f 1018 1020 1019 1017
f 1023 1024 1022 1021
o rack-0-pallet-6-0
usemtl cargo
v 21.25 3.05 0
v 21.25 3.05 1.1
v 21.25 4.05 0
v 21.25 4.05 1.1
v 23.85 3.05 0
v 23.85 3.05 1.1
v 23.85 4.05 0
v 23.85 4.05 1.1
f 1027 1031 1029 1025
f 1030 1032 1028 1026
f 1029 1030 1026 1025
f 1028 1032 1031 1027
f 1026 1028 1027 1025
f 1031 1032 1030 1029
o rack-0-pallet-6-1
usemtl cargo
v 21.25 3.05 1.62
v 21.25 3.05 2.72
v 21.25 4.05 1.62
v 21.25 4.05 2.72
v 23.85 3.05 1.62
v 23.85 3.05 2.72
v 23.85 4.05 1.62
v 23.85 4.05 2.72
f 1035 1039 1037 1033
f 1038 1040 1036 1034
f 1037 1038 1034 1033
f 1036 1040 1039 1035
f 1034 1036 1035 1033
f 1039 1040 1038 1037
o rack-0-pallet-6-3
usemtl cargo
v 21.25 3.05 4.62
v 21.25 3.05 5.72
v 21.25 4.05 4.62
v 21.25 4.05 5.72
v 23.85 3.05 4.62
v 23.85 3.05 5.72
v 23.85 4.05 4.62
v 23.85 4.05 5.72
f 1043 1047 1045 1041
f 1046 1048 1044 1042
f 1045 1046 1042 1041
f 1044 1048 1047 1043
f 1042 1044 1043 1041
f 1047 1048 1046 1045
o rack-0-pallet-6-4
usemtl cargo
v 21.25 3.05 6.12
v 21.25 3.05 7.22
v 21.25 4.05 6.12
v 21.25 4.05 7.22
v 23.85 3.05 6.12
v 23.85 3.05 7.22
v 23.85 4.05 6.12
v 23.85 4.05 7.22
f 1051 1055 1053 1049
f 1054 1056 1052 1050
f 1053 1054 1050 1049
f 1052 1056 1055 1051
f 1050 1052 1051 1049
f 1055 1056 1054 1053
o rack-0-pallet-7-0
usemtl cargo
v 24.25 3.05 0
v 24.25 3.05 1.1
v 24.25 4.05 0
v 24.25 4.05 1.1
v 26.85 3.05 0
v 26.85 3.05 1.1
v 26.85 4.05 0
v 26.85 4.05 1.1
f 1059 1063 1061 1057
f 1062 1064 1060 1058
f 1061 1062 1058 1057
f 1060 1064 1063 1059
f 1058 1060 1059 1057
f 1063 1064 1062 1061
o rack-0-pallet-7-1
usemtl cargo
v 24.25 3.05 1.62
v 24.25 3.05 2.72
v 24.25 4.05 1.62
v 24.25 4.05 2.72
v 26.85 3.05 1.62
v 26.85 3.05 2.72
v 26.85 4.05 1.62
v 26.85 4.05 2.72
f 1067 1071 1069 1065
f 1070 1072 1068 1066
f 1069 1070 1066 1065
f 1068 1072 1071 1067
f 1066 1068 1067 1065
f 1071 1072 1070 1069
o rack-0-pallet-7-2
usemtl cargo
v 24.25 3.05 3.12
v 24.25 3.05 4.22
v 24.25 4.05 3.12
v 24.25 4.05 4.22
v 26.85 3.05 3.12
v 26.85 3.05 4.22
v 26.85 4.05 3.12
v 26.85 4.05 4.22
f 1075 1079 1077 1073
f 1078 1080 1076 1074
f 1077 1078 1074 1073
f 1076 1080 1079 1075
f 1074 1076 1075 1073
f 1079 1080 1078 1077
o rack-0-pallet-7-4
usemtl cargo
v 24.25 3.05 6.12
v 24.25 3.05 7.22
v 24.25 4.05 6.12
v 24.25 4.05 7.22
v 26.85 3.05 6.12
v 26.85 3.05 7.22
v 26.85 4.05 6.12
v 26.85 4.05 7.22
f 1083 1087 1085 1081
f 1086 1088 1084 1082
f 1085 1086 1082 1081
f 1084 1088 1087 1083
f 1082 1084 1083 1081
f 1087 1088 1086 1085
o rack-1-upright-0-s
usemtl rack
v 3 7.2 0
v 3 7.2 7
v 3 7.3 0
v 3 7.3 7
v 3.1 7.2 0
v 3.1 7.2 7
v 3.1 7.3 0
v 3.1 7.3 7
f 1091 1095 1093 1089
f 1094 1096 1092 1090
f 1093 1094 1090 1089
f 1092 1096 1095 1091
f 1090 1092 1091 1089
f 1095 1096 1094 1093
o rack-1-upright-0-n
usemtl rack
v 3 8.2 0
v 3 8.2 7
v 3 8.3 0
v 3 8.3 7
v 3.1 8.2 0
v 3.1 8.2 7
v 3.1 8.3 0
v 3.1 8.3 7
f 1099 1103 1101 1097
f 1102 1104 1100 1098
f 1101 1102 1098 1097
f 1100 1104 1103 1099
f 1098 1100 1099 1097
f 1103 1104 1102 1101
o rack-1-upright-1-s
usemtl rack
v 6 7.2 0
v 6 7.2 7
v 6 7.3 0
v 6 7.3 7
v 6.1 7.2 0
v 6.1 7.2 7
v 6.1 7.3 0
v 6.1 7.3 7
f 1107 1111 1109 1105
f 1110 1112 1108 1106
f 1109 1110 1106 1105
f 1108 1112 1111 1107
f 1106 1108 1107 1105
f 1111 1112 1110 1109
o rack-1-upright-1-n
usemtl rack
v 6 8.2 0
v 6 8.2 7
v 6 8.3 0
v 6 8.3 7
v 6.1 8.2 0
v 6.1 8.2 7
v 6.1 8.3 0
v 6.1 8.3 7
f 1115 1119 1117 1113
f 1118 1120 1116 1114
f 1117 1118 1114 1113
f 1116 1120 1119 1115
f 1114 1116 1115 1113
f 1119 1120 1118 1117
o rack-1-upright-2-s
usemtl rack
v 9 7.2 0
v 9 7.2 7
v 9 7.3 0
v 9 7.3 7
v 9.1 7.2 0
v 9.1 7.2 7
v 9.1 7.3 0
v 9.1 7.3 7
f 1123 1127 1125 1121
f 1126 1128 1124 1122
f 1125 1126 1122 1121
f 1124 1128 1127 1123
f 1122 1124 1123 1121
f 1127 1128 1126 1125
o rack-1-upright-2-n
usemtl rack
v 9 8.2 0
v 9 8.2 7
v 9 8.3 0
v 9 8.3 7
v 9.1 8.2 0
v 9.1 8.2 7
v 9.1 8.3 0
v 9.1 8.3 7
f 1131 1135 1133 1129
f 1134 1136 1132 1130
f 1133 1134 1130 1129
f 1132 1136 1135 1131
f 1130 1132 1131 1129
f 1135 1136 1134 1133
o rack-1-upright-3-s
usemtl rack
v 12 7.2 0
v 12 7.2 7
v 12 7.3 0
v 12 7.3 7
v 12.1 7.2 0
v 12.1 7.2 7
v 12.1 7.3 0
v 12.1 7.3 7
f 1139 1143 1141 1137
f 1142 1144 1140 1138
f 1141 1142 1138 1137
f 1140 1144 1143 1139
f 1138 1140 1139 1137
f 1143 1144 1142 1141
o rack-1-upright-3-n
usemtl rack
v 12 8.2 0
v 12 8.2 7
v 12 8.3 0
v 12 8.3 7
v 12.1 8.2 0
v 12.1 8.2 7
v 12.1 8.3 0
v 12.1 8.3 7
f 1147 1151 1149 1145
f 1150 1152 1148 1146
f 1149 1150 1146 1145
f 1148 1152 1151 1147
f 1146 1148 1147 1145
f 1151 1152 1150 1149
o rack-1-upright-4-s
usemtl rack
v 15 7.2 0
v 15 7.2 7
v 15 7.3 0
v 15 7.3 7
v 15.1 7.2 0
v 15.1 7.2 7
v 15.1 7.3 0
v 15.1 7.3 7
f 1155 1159 1157 1153
f 1158 1160 1156 1154
f 1157 1158 1154 1153
f 1156 1160 1159 1155
f 1154 1156 1155 1153
f 1159 1160 1158 1157
o rack-1-upright-4-n
usemtl rack
v 15 8.2 0
v 15 8.2 7
v 15 8.3 0
v 15 8.3 7
v 15.1 8.2 0
v 15.1 8.2 7
v 15.1 8.3 0
v 15.1 8.3 7
f 1163 1167 1165 1161
f 1166 1168 1164 1162
f 1165 1166 1162 1161
f 1164 1168 1167 1163
f 1162 1164 1163 1161
f 1167 1168 1166 1165
o rack-1-upright-5-s
usemtl rack
v 18 7.2 0
v 18 7.2 7
v 18 7.3 0
v 18 7.3 7
v 18.1 7.2 0
v 18.1 7.2 7
v 18.1 7.3 0
v 18.1 7.3 7
f 1171 1175 1173 1169
f 1174 1176 1172 1170
f 1173 1174 1170 1169
f 1172 1176 1175 1171
f 1170 1172 1171 1169
f 1175 1176 1174 1173
o rack-1-upright-5-n
usemtl rack
v 18 8.2 0
v 18 8.2 7
v 18 8.3 0
v 18 8.3 7
v 18.1 8.2 0
v 18.1 8.2 7
v 18.1 8.3 0
v 18.1 8.3 7
f 1179 1183 1181 1177
f 1182 1184 1180 1178
f 1181 1182 1178 1177
f 1180 1184 1183 1179
f 1178 1180 1179 1177
f 1183 1184 1182 1181
o rack-1-upright-6-s
usemtl rack
v 21 7.2 0
v 21 7.2 7
v 21 7.3 0
v 21 7.3 7
v 21.1 7.2 0
v 21.1 7.2 7
v 21.1 7.3 0
v 21.1 7.3 7
f 1187 1191 1189 1185
f 1190 1192 1188 1186
f 1189 1190 1186 1185
f 1188 1192 1191 1187
f 1186 1188 1187 1185
f 1191 1192 1190 1189
o rack-1-upright-6-n
usemtl rack
v 21 8.2 0
v 21 8.2 7
v 21 8.3 0
v 21 8.3 7
v 21.1 8.2 0
v 21.1 8.2 7
v 21.1 8.3 0
v 21.1 8.3 7
f 1195 1199 1197 1193
f 1198 1200 1196 1194
f 1197 1198 1194 1193
f 1196 1200 1199 1195
f 1194 1196 1195 1193
f 1199 1200 1198 1197
o rack-1-upright-7-s
usemtl rack
v 24 7.2 0
v 24 7.2 7
v 24 7.3 0
v 24 7.3 7
v 24.1 7.2 0
v 24.1 7.2 7
v 24.1 7.3 0
v 24.1 7.3 7
f 1203 1207 1205 1201
f 1206 1208 1204 1202
f 1205 1206 1202 1201
f 1204 1208 1207 1203
f 1202 1204 1203 1201
f 1207 1208 1206 1205
o rack-1-upright-7-n
usemtl rack
v 24 8.2 0
v 24 8.2 7
v 24 8.3 0
v 24 8.3 7
v 24.1 8.2 0
v 24.1 8.2 7
v 24.1 8.3 0
v 24.1 8.3 7
f 1211 1215 1213 1209
f 1214 1216 1212 1210
f 1213 1214 1210 1209
f 1212 1216 1215 1211
f 1210 1212 1211 1209
f 1215 1216 1214 1213
o rack-1-upright-8-s
usemtl rack
v 27 7.2 0
v 27 7.2 7
v 27 7.3 0
v 27 7.3 7
v 27.1 7.2 0
v 27.1 7.2 7
v 27.1 7.3 0
v 27.1 7.3 7
f 1219 1223 1221 1217
f 1222 1224 1220 1218
f 1221 1222 1218 1217
f 1220 1224 1223 1219
f 1218 1220 1219 1217
f 1223 1224 1222 1221
o rack-1-upright-8-n
usemtl rack
v 27 8.2 0
v 27 8.2 7
v 27 8.3 0
v 27 8.3 7
v 27.1 8.2 0
v 27.1 8.2 7
v 27.1 8.3 0
v 27.1 8.3 7
f 1227 1231 1229 1225
f 1230 1232 1228 1226
f 1229 1230 1226 1225
f 1228 1232 1231 1227
f 1226 1228 1227 1225
f 1231 1232 1230 1229
o rack-1-beam-0-s
usemtl rack
v 3 7.2 1.5
v 3 7.2 1.62
v 3 7.3 1.5
v 3 7.3 1.62
v 27.1 7.2 1.5
v 27.1 7.2 1.62
v 27.1 7.3 1.5
v 27.1 7.3 1.62
f 1235 1239 1237 1233
f 1238 1240 1236 1234
f 1237 1238 1234 1233
f 1236 1240 1239 1235
f 1234 1236 1235 1233
f 1239 1240 1238 1237
o rack-1-beam-0-n
usemtl rack
v 3 8.2 1.5
v 3 8.2 1.62
v 3 8.3 1.5
v 3 8.3 1.62
v 27.1 8.2 1.5
v 27.1 8.2 1.62
v 27.1 8.3 1.5
v 27.1 8.3 1.62
f 1243 1247 1245 1241
f 1246 1248 1244 1242
f 1245 1246 1242 1241
f 1244 1248 1247 1243
f 1242 1244 1243 1241
f 1247 1248 1246 1245
o rack-1-beam-1-s
usemtl rack
v 3 7.2 3
v 3 7.2 3.12
v 3 7.3 3
v 3 7.3 3.12
v 27.1 7.2 3
v 27.1 7.2 3.12
v 27.1 7.3 3
v 27.1 7.3 3.12
f 1251 1255 1253 1249
f 1254 1256 1252 1250
f 1253 1254 1250 1249
f 1252 1256 1255 1251
f 1250 1252 1251 1249
f 1255 1256 1254 1253
o rack-1-beam-1-n
usemtl rack
v 3 8.2 3
v 3 8.2 3.12
v 3 8.3 3
v 3 8.3 3.12
v 27.1 8.2 3
v 27.1 8.2 3.12
v 27.1 8.3 3
v 27.1 8.3 3.12
f 1259 1263 1261 1257
f 1262 1264 1260 1258
f 1261 1262 1258 1257
f 1260 1264 1263 1259
f 1258 1260 1259 1257
f 1263 1264 1262 1261
o rack-1-beam-2-s
usemtl rack
v 3 7.2 4.5
v 3 7.2 4.62
v 3 7.3 4.5
v 3 7.3 4.62
v 27.1 7.2 4.5
v 27.1 7.2 4.62
v 27.1 7.3 4.5
v 27.1 7.3 4.62
f 1267 1271 1269 1265
f 1270 1272 1268 1266
f 1269 1270 1266 1265
f 1268 1272 1271 1267
f 1266 1268 1267 1265
f 1271 1272 1270 1269
o rack-1-beam-2-n
usemtl rack
v 3 8.2 4.5
v 3 8.2 4.62
v 3 8.3 4.5
v 3 8.3 4.62
v 27.1 8.2 4.5
v 27.1 8.2 4.62
v 27.1 8.3 4.5
v 27.1 8.3 4.62
f 1275 1279 1277 1273
f 1278 1280 1276 1274
f 1277 1278 1274 1273
f 1276 1280 1279 1275
f 1274 1276 1275 1273
f 1279 1280 1278 1277
o rack-1-beam-3-s
usemtl rack
v 3 7.2 6
v 3 7.2 6.12
v 3 7.3 6
v 3 7.3 6.12
v 27.1 7.2 6
v 27.1 7.2 6.12
v 27.1 7.3 6
v 27.1 7.3 6.12
f 1283 1287 1285 1281
f 1286 1288 1284 1282
f 1285 1286 1282 1281
f 1284 1288 1287 1283
f 1282 1284 1283 1281
f 1287 1288 1286 1285
o rack-1-beam-3-n
usemtl rack
v 3 8.2 6
v 3 8.2 6.12
v 3 8.3 6
v 3 8.3 6.12
v 27.1 8.2 6
v 27.1 8.2 6.12
v 27.1 8.3 6
v 27.1 8.3 6.12
f 1291 1295 1293 1289
f 1294 1296 1292 1290
f 1293 1294 1290 1289
f 1292 1296 1295 1291
f 1290 1292 1291 1289
f 1295 1296 1294 1293
o rack-1-pallet-0-0
usemtl cargo
v 3.25 7.25 0
v 3.25 7.25 1.1
v 3.25 8.25 0
v 3.25 8.25 1.1
v 5.85 7.25 0
v 5.85 7.25 1.1
v 5.85 8.25 0
v 5.85 8.25 1.1
f 1299 1303 1301 1297
f 1302 1304 1300 1298
f 1301 1302 1298 1297
f 1300 1304 1303 1299
f 1298 1300 1299 1297
f 1303 1304 1302 1301
o rack-1-pallet-0-2
usemtl cargo
v 3.25 7.25 3.12
v 3.25 7.25 4.22
v 3.25 8.25 3.12
v 3.25 8.25 4.22
v 5.85 7.25 3.12
v 5.85 7.25 4.22
v 5.85 8.25 3.12
v 5.85 8.25 4.22
f 1307 1311 1309 1305
f 1310 1312 1308 1306
f 1309 1310 1306 1305
f 1308 1312 1311 1307
f 1306 1308 1307 1305
f 1311 1312 1310 1309
o rack-1-pallet-0-3
usemtl cargo
v 3.25 7.25 4.62
v 3.25 7.25 5.72
v 3.25 8.25 4.62
v 3.25 8.25 5.72
v 5.85 7.25 4.62
v 5.85 7.25 5.72
v 5.85 8.25 4.62
v 5.85 8.25 5.72
f 1315 1319 1317 1313
f 1318 1320 1316 1314
f 1317 1318 1314 1313
f 1316 1320 1319 1315
f 1314 1316 1315 1313
f 1319 1320 1318 1317
o rack-1-pallet-0-4
usemtl cargo
v 3.25 7.25 6.12
v 3.25 7.25 7.22
v 3.25 8.25 6.12
v 3.25 8.25 7.22
v 5.85 7.25 6.12
v 5.85 7.25 7.22
v 5.85 8.25 6.12
v 5.85 8.25 7.22
f 1323 1327 1325 1321
f 1326 1328 1324 1322
f 1325 1326 1322 1321
f 1324 1328 1327 1323
f 1322 1324 1323 1321
f 1327 1328 1326 1325
o rack-1-pallet-1-0
usemtl cargo
v 6.25 7.25 0
v 6.25 7.25 1.1
v 6.25 8.25 0
v 6.25 8.25 1.1
v 8.85 7.25 0
v 8.85 7.25 1.1
v 8.85 8.25 0
v 8.85 8.25 1.1
f 1331 1335 1333 1329
f 1334 1336 1332 1330
f 1333 1334 1330 1329
f 1332 1336 1335 1331
f 1330 1332 1331 1329
f 1335 1336 1334 1333
o rack-1-pallet-1-1
usemtl cargo
v 6.25 7.25 1.62
v 6.25 7.25 2.72
v 6.25 8.25 1.62
v 6.25 8.25 2.72
v 8.85 7.25 1.62
v 8.85 7.25 2.72
v 8.85 8.25 1.62
v 8.85 8.25 2.72
f 1339 1343 1341 1337
f 1342 1344 1340 1338
f 1341 1342 1338 1337
f 1340 1344 1343 1339
f 1338 1340 1339 1337
f 1343 1344 1342 1341
o rack-1-pallet-1-3
usemtl cargo
v 6.25 7.25 4.62
v 6.25 7.25 5.72
v 6.25 8.25 4.62
v 6.25 8.25 5.72
v 8.85 7.25 4.62
v 8.85 7.25 5.72
v 8.85 8.25 4.62
v 8.85 8.25 5.72
f 1347 1351 1349 1345
f 1350 1352 1348 1346
f 1349 1350 1346 1345
f 1348 1352 1351 1347
f 1346 1348 1347 1345
f 1351 1352 1350 1349
o rack-1-pallet-1-4
usemtl cargo
v 6.25 7.25 6.12
v 6.25 7.25 7.22
v 6.25 8.25 6.12
v 6.25 8.25 7.22
v 8.85 7.25 6.12
v 8.85 7.25 7.22
v 8.85 8.25 6.12
v 8.85 8.25 7.22
f 1355 1359 1357 1353
f 1358 1360 1356 1354
f 1357 1358 1354 1353
f 1356 1360 1359 1355
f 1354 1356 1355 1353
f 1359 1360 1358 1357
o rack-1-pallet-2-0
usemtl cargo
v 9.25 7.25 0
v 9.25 7.25 1.1
v 9.25 8.25 0
v 9.25 8.25 1.1
v 11.85 7.25 0
v 11.85 7.25 1.1
v 11.85 8.25 0
v 11.85 8.25 1.1
f 1363 1367 1365 1361
f 1366 1368 1364 1362
f 1365 1366 1362 1361
f 1364 1368 1367 1363
f 1362 1364 1363 1361
f 1367 1368 1366 1365
o rack-1-pallet-2-1
usemtl cargo
v 9.25 7.25 1.62
v 9.25 7.25 2.72
v 9.25 8.25 1.62
v 9.25 8.25 2.72
v 11.85 7.25 1.62
v 11.85 7.25 2.72
v 11.85 8.25 1.62
v 11.85 8.25 2.72
f 1371 1375 1373 1369
f 1374 1376 1372 1370
f 1373 1374 1370 1369
f 1372 1376 1375 1371
f 1370 1372 1371 1369
f 1375 1376 1374 1373
o rack-1-pallet-2-2
usemtl cargo
v 9.25 7.25 3.12
v 9.25 7.25 4.22
v 9.25 8.25 3.12
v 9.25 8.25 4.22
v 11.85 7.25 3.12
v 11.85 7.25 4.22
v 11.85 8.25 3.12
v 11.85 8.25 4.22
f 1379 1383 1381 1377
f 1382 1384 1380 1378
f 1381 1382 1378 1377
f 1380 1384 1383 1379
f 1378 1380 1379 1377
f 1383 1384 1382 1381
o rack-1-pallet-2-4
usemtl cargo
v 9.25 7.25 6.12
v 9.25 7.25 7.22
v 9.25 8.25 6.12
v 9.25 8.25 7.22
v 11.85 7.25 6.12
v 11.85 7.25 7.22
v 11.85 8.25 6.12
v 11.85 8.25 7.22
f 1387 1391 1389 1385
f 1390 1392 1388 1386
f 1389 1390 1386 1385
f 1388 1392 1391 1387
f 1386 1388 1387 1385
f 1391 1392 1390 1389
o rack-1-pallet-3-1
usemtl cargo
v 12.25 7.25 1.62
v 12.25 7.25 2.72
v 12.25 8.25 1.62
v 12.25 8.25 2.72
v 14.85 7.25 1.62
v 14.85 7.25 2.72
v 14.85 8.25 1.62
v 14.85 8.25 2.72
f 1395 1399 1397 1393
f 1398 1400 1396 1394
f 1397 1398 1394 1393
f 1396 1400 1399 1395
f 1394 1396 1395 1393
f 1399 1400 1398 1397
o rack-1-pallet-3-2
usemtl cargo
v 12.25 7.25 3.12
v 12.25 7.25 4.22
v 12.25 8.25 3.12
v 12.25 8.25 4.22
v 14.85 7.25 3.12
v 14.85 7.25 4.22
v 14.85 8.25 3.12
v 14.85 8.25 4.22
f 1403 1407 1405 1401
f 1406 1408 1404 1402
f 1405 1406 1402 1401
f 1404 1408 1407 1403
f 1402 1404 1403 1401
f 1407 1408 1406 1405
o rack-1-pallet-3-3
usemtl cargo
v 12.25 7.25 4.62
v 12.25 7.25 5.72
v 12.25 8.25 4.62
v 12.25 8.25 5.72
v 14.85 7.25 4.62
v 14.85 7.25 5.72
v 14.85 8.25 4.62
v 14.85 8.25 5.72
f 1411 1415 1413 1409
f 1414 1416 1412 1410
f 1413 1414 1410 1409
f 1412 1416 1415 1411
f 1410 1412 1411 1409
f 1415 1416 1414 1413
o rack-1-pallet-4-0
usemtl cargo
v 15.25 7.25 0
v 15.25 7.25 1.1
v 15.25 8.25 0
v 15.25 8.25 1.1
v 17.85 7.25 0
v 17.85 7.25 1.1
v 17.85 8.25 0
v 17.85 8.25 1.1
f 1419 1423 1421 1417
f 1422 1424 1420 1418
f 1421 1422 1418 1417
f 1420 1424 1423 1419
f 1418 1420 1419 1417
f 1423 1424 1422 1421
o rack-1-pallet-4-2
usemtl cargo
v 15.25 7.25 3.12
v 15.25 7.25 4.22
v 15.25 8.25 3.12
v 15.25 8.25 4.22
v 17.85 7.25 3.12
v 17.85 7.25 4.22
v 17.85 8.25 3.12
v 17.85 8.25 4.22
f 1427 1431 1429 1425
f 1430 1432 1428 1426
f 1429 1430 1426 1425
f 1428 1432 1431 1427
f 1426 1428 1427 1425
f 1431 1432 1430 1429
o rack-1-pallet-4-3
usemtl cargo
v 15.25 7.25 4.62
v 15.25 7.25 5.72
v 15.25 8.25 4.62
v 15.25 8.25 5.72
v 17.85 7.25 4.62
v 17.85 7.25 5.72
v 17.85 8.25 4.62
v 17.85 8.25 5.72
f 1435 1439 1437 1433
f 1438 1440 1436 1434
f 1437 1438 1434 1433
f 1436 1440 1439 1435
f 1434 1436 1435 1433
f 1439 1440 1438 1437
o rack-1-pallet-4-4
usemtl cargo
v 15.25 7.25 6.12
v 15.25 7.25 7.22
v 15.25 8.25 6.12
v 15.25 8.25 7.22
v 17.85 7.25 6.12
v 17.85 7.25 7.22
v 17.85 8.25 6.12
v 17.85 8.25 7.22
f 1443 1447 1445 1441
f 1446 1448 1444 1442
f 1445 1446 1442 1441
f 1444 1448 1447 1443
f 1442 1444 1443 1441
f 1447 1448 1446 1445
o rack-1-pallet-5-0
usemtl cargo
v 18.25 7.25 0
v 18.25 7.25 1.1
v 18.25 8.25 0
v 18.25 8.25 1.1
v 20.85 7.25 0
v 20.85 7.25 1.1
v 20.85 8.25 0
v 20.85 8.25 1.1
f 1451 1455 1453 1449
f 1454 1456 1452 1450
f 1453 1454 1450 1449
f 1452 1456 1455 1451
f 1450 1452 1451 1449
f 1455 1456 1454 1453
o rack-1-pallet-5-1
usemtl cargo
v 18.25 7.25 1.62
v 18.25 7.25 2.72
v 18.25 8.25 1.62
v 18.25 8.25 2.72
v 20.85 7.25 1.62
v 20.85 7.25 2.72
v 20.85 8.25 1.62
v 20.85 8.25 2.72
f 1459 1463 1461 1457
f 1462 1464 1460 1458
f 1461 1462 1458 1457
f 1460 1464 1463 1459
f 1458 1460 1459 1457
f 1463 1464 1462 1461
o rack-1-pallet-5-3
usemtl cargo
v 18.25 7.25 4.62
v 18.25 7.25 5.72
v 18.25 8.25 4.62
v 18.25 8.25 5.72
v 20.85 7.25 4.62
v 20.85 7.25 5.72
v 20.85 8.25 4.62
v 20.85 8.25 5.72
f 1467 1471 1469 1465
f 1470 1472 1468 1466
f 1469 1470 1466 1465
f 1468 1472 1471 1467
f 1466 1468 1467 1465
f 1471 1472 1470 1469
o rack-1-pallet-5-4
usemtl cargo
v 18.25 7.25 6.12
v 18.25 7.25 7.22
v 18.25 8.25 6.12
v 18.25 8.25 7.22
v 20.85 7.25 6.12
v 20.85 7.25 7.22
v 20.85 8.25 6.12
v 20.85 8.25 7.22
f 1475 1479 1477 1473
f 1478 1480 1476 1474
f 1477 1478 1474 1473
f 1476 1480 1479 1475
f 1474 1476 1475 1473
f 1479 1480 1478 1477
o rack-1-pallet-6-0
usemtl cargo
v 21.25 7.25 0
v 21.25 7.25 1.1
v 21.25 8.25 0
v 21.25 8.25 1.1
v 23.85 7.25 0
v 23.85 7.25 1.1
v 23.85 8.25 0
v 23.85 8.25 1.1
f 1483 1487 1485 1481
f 1486 1488 1484 1482
f 1485 1486 1482 1481
f 1484 1488 1487 1483
f 1482 1484 1483 1481
f 1487 1488 1486 1485
o rack-1-pallet-6-1
usemtl cargo
v 21.25 7.25 1.62
v 21.25 7.25 2.72
v 21.25 8.25 1.62
v 21.25 8.25 2.72
v 23.85 7.25 1.62
v 23.85 7.25 2.72
v 23.85 8.25 1.62
v 23.85 8.25 2.72
f 1491 1495 1493 1489
f 1494 1496 1492 1490
f 1493 1494 1490 1489
f 1492 1496 1495 1491
f 1490 1492 1491 1489
f 1495 1496 1494 1493
o rack-1-pallet-6-2
usemtl cargo
v 21.25 7.25 3.12
v 21.25 7.25 4.22
v 21.25 8.25 3.12
v 21.25 8.25 4.22
v 23.85 7.25 3.12
v 23.85 7.25 4.22
v 23.85 8.25 3.12
v 23.85 8.25 4.22
f 1499 1503 1501 1497
f 1502 1504 1500 1498
f 1501 1502 1498 1497
f 1500 1504 1503 1499
f 1498 1500 1499 1497
f 1503 1504 1502 1501
o rack-1-pallet-6-4
usemtl cargo
v 21.25 7.25 6.12
v 21.25 7.25 7.22
v 21.25 8.25 6.12
v 21.25 8.25 7.22
v 23.85 7.25 6.12
v 23.85 7.25 7.22
v 23.85 8.25 6.12
v 23.85 8.25 7.22
f 1507 1511 1509 1505
f 1510 1512 1508 1506
f 1509 1510 1506 1505
f 1508 1512 1511 1507
f 1506 1508 1507 1505
f 1511 1512 1510 1509
o rack-1-pallet-7-1
usemtl cargo
v 24.25 7.25 1.62
v 24.25 7.25 2.72
v 24.25 8.25 1.62
v 24.25 8.25 2.72
v 26.85 7.25 1.62
v 26.85 7.25 2.72
v 26.85 8.25 1.62
v 26.85 8.25 2.72
f 1515 1519 1517 1513
f 1518 1520 1516 1514
f 1517 1518 1514 1513
f 1516 1520 1519 1515
f 1514 1516 1515 1513
f 1519 1520 1518 1517
o rack-1-pallet-7-2
usemtl cargo
v 24.25 7.25 3.12
v 24.25 7.25 4.22
v 24.25 8.25 3.12
v 24.25 8.25 4.22
v 26.85 7.25 3.12
v 26.85 7.25 4.22
v 26.85 8.25 3.12
v 26.85 8.25 4.22
f 1523 1527 1525 1521
f 1526 1528 1524 1522
f 1525 1526 1522 1521
f 1524 1528 1527 1523
f 1522 1524 1523 1521
f 1527 1528 1526 1525
o rack-1-pallet-7-3
usemtl cargo
v 24.25 7.25 4.62
v 24.25 7.25 5.72
v 24.25 8.25 4.62
v 24.25 8.25 5.72
v 26.85 7.25 4.62
v 26.85 7.25 5.72
v 26.85 8.25 4.62
v 26.85 8.25 5.72
f 1531 1535 1533 1529
f 1534 1536 1532 1530
f 1533 1534 1530 1529
f 1532 1536 1535 1531
f 1530 1532 1531 1529
f 1535 1536 1534 1533
o rack-2-upright-0-s
usemtl rack
v 3 11.4 0
v 3 11.4 7
v 3 11.5 0
v 3 11.5 7
v 3.1 11.4 0
v 3.1 11.4 7
v 3.1 11.5 0
v 3.1 11.5 7
f 1539 1543 1541 1537
f 1542 1544 1540 1538
f 1541 1542 1538 1537
f 1540 1544 1543 1539
f 1538 1540 1539 1537
f 1543 1544 1542 1541
o rack-2-upright-0-n
usemtl rack
v 3 12.4 0
v 3 12.4 7
v 3 12.5 0
v 3 12.5 7
v 3.1 12.4 0
v 3.1 12.4 7
v 3.1 12.5 0
v 3.1 12.5 7
f 1547 1551 1549 1545
f 1550 1552 1548 1546
f 1549 1550 1546 1545
f 1548 1552 1551 1547
f 1546 1548 1547 1545
f 1551 1552 1550 1549
o rack-2-upright-1-s
usemtl rack
v 6 11.4 0
v 6 11.4 7
v 6 11.5 0
v 6 11.5 7
v 6.1 11.4 0
v 6.1 11.4 7
v 6.1 11.5 0
v 6.1 11.5 7
f 1555 1559 1557 1553
f 1558 1560 1556 1554
f 1557 1558 1554 1553
f 1556 1560 1559 1555
f 1554 1556 1555 1553
f 1559 1560 1558 1557
o rack-2-upright-1-n
usemtl rack
v 6 12.4 0
v 6 12.4 7
v 6 12.5 0
v 6 12.5 7
v 6.1 12.4 0
v 6.1 12.4 7
v 6.1 12.5 0
v 6.1 12.5 7
f 1563 1567 1565 1561
f 1566 1568 1564 1562
f 1565 1566 1562 1561
f 1564 1568 1567 1563
f 1562 1564 1563 1561
f 1567 1568 1566 1565
o rack-2-upright-2-s
usemtl rack
v 9 11.4 0
v 9 11.4 7
v 9 11.5 0
v 9 11.5 7
v 9.1 11.4 0
v 9.1 11.4 7
v 9.1 11.5 0
v 9.1 11.5 7
f 1571 1575 1573 1569
f 1574 1576 1572 1570
f 1573 1574 1570 1569
f 1572 1576 1575 1571
f 1570 1572 1571 1569
f 1575 1576 1574 1573
o rack-2-upright-2-n
usemtl rack
v 9 12.4 0
v 9 12.4 7
v 9 12.5 0
v 9 12.5 7
v 9.1 12.4 0
v 9.1 12.4 7
v 9.1 12.5 0
v 9.1 12.5 7
f 1579 1583 1581 1577
f 1582 1584 1580 1578
f 1581 1582 1578 1577
f 1580 1584 1583 1579
f 1578 1580 1579 1577
f 1583 1584 1582 1581
o rack-2-upright-3-s
usemtl rack
v 12 11.4 0
v 12 11.4 7
v 12 11.5 0
v 12 11.5 7
v 12.1 11.4 0
v 12.1 11.4 7
v 12.1 11.5 0
v 12.1 11.5 7
f 1587 1591 1589 1585
f 1590 1592 1588 1586
f 1589 1590 1586 1585
f 1588 1592 1591 1587
f 1586 1588 1587 1585
f 1591 1592 1590 1589
o rack-2-upright-3-n
usemtl rack
v 12 12.4 0
v 12 12.4 7
v 12 12.5 0
v 12 12.5 7
v 12.1 12.4 0
v 12.1 12.4 7
v 12.1 12.5 0
v 12.1 12.5 7
f 1595 1599 1597 1593
f 1598 1600 1596 1594
f 1597 1598 1594 1593
f 1596 1600 1599 1595
f 1594 1596 1595 1593
f 1599 1600 1598 1597
o rack-2-upright-4-s
usemtl rack
v 15 11.4 0
v 15 11.4 7
v 15 11.5 0
v 15 11.5 7
v 15.1 11.4 0
v 15.1 11.4 7
v 15.1 11.5 0
v 15.1 11.5 7
f 1603 1607 1605 1601
f 1606 1608 1604 1602
f 1605 1606 1602 1601
f 1604 1608 1607 1603
f 1602 1604 1603 1601
f 1607 1608 1606 1605
o rack-2-upright-4-n
usemtl rack
v 15 12.4 0
v 15 12.4 7
v 15 12.5 0
v 15 12.5 7
v 15.1 12.4 0
v 15.1 12.4 7
v 15.1 12.5 0
v 15.1 12.5 7
f 1611 1615 1613 1609
f 1614 1616 1612 1610
f 1613 1614 1610 1609
f 1612 1616 1615 1611
f 1610 1612 1611 1609
f 1615 1616 1614 1613
o rack-2-upright-5-s
usemtl rack
v 18 11.4 0
v 18 11.4 7
v 18 11.5 0
v 18 11.5 7
v 18.1 11.4 0
v 18.1 11.4 7
v 18.1 11.5 0
v 18.1 11.5 7
f 1619 1623 1621 1617
f 1622 1624 1620 1618
f 1621 1622 1618 1617
f 1620 1624 1623 1619
f 1618 1620 1619 1617
f 1623 1624 1622 1621
o rack-2-upright-5-n
usemtl rack
v 18 12.4 0
v 18 12.4 7
v 18 12.5 0
v 18 12.5 7
v 18.1 12.4 0
v 18.1 12.4 7
v 18.1 12.5 0
v 18.1 12.5 7
f 1627 1631 1629 1625
f 1630 1632 1628 1626
f 1629 1630 1626 1625
f 1628 1632 1631 1627
f 1626 1628 1627 1625
f 1631 1632 1630 1629
o rack-2-upright-6-s
usemtl rack
v 21 11.4 0
v 21 11.4 7
v 21 11.5 0
v 21 11.5 7
v 21.1 11.4 0
v 21.1 11.4 7
v 21.1 11.5 0
v 21.1 11.5 7
f 1635 1639 1637 1633
f 1638 1640 1636 1634
f 1637 1638 1634 1633
f 1636 1640 1639 1635
f 1634 1636 1635 1633
f 1639 1640 1638 1637
o rack-2-upright-6-n
usemtl rack
v 21 12.4 0
v 21 12.4 7
v 21 12.5 0
v 21 12.5 7
v 21.1 12.4 0
v 21.1 12.4 7
v 21.1 12.5 0
v 21.1 12.5 7
f 1643 1647 1645 1641
f 1646 1648 1644 1642
f 1645 1646 1642 1641
f 1644 1648 1647 1643
f 1642 1644 1643 1641
f 1647 1648 1646 1645
o rack-2-upright-7-s
usemtl rack
v 24 11.4 0
v 24 11.4 7
v 24 11.5 0
v 24 11.5 7
v 24.1 11.4 0
v 24.1 11.4 7
v 24.1 11.5 0
v 24.1 11.5 7
f 1651 1655 1653 1649
f 1654 1656 1652 1650
f 1653 1654 1650 1649
f 1652 1656 1655 1651
f 1650 1652 1651 1649
f 1655 1656 1654 1653
o rack-2-upright-7-n
usemtl rack
v 24 12.4 0
v 24 12.4 7
v 24 12.5 0
v 24 12.5 7
v 24.1 12.4 0
v 24.1 12.4 7
v 24.1 12.5 0
v 24.1 12.5 7
f 1659 1663 1661 1657
f 1662 1664 1660 1658
f 1661 1662 1658 1657
f 1660 1664 1663 1659
f 1658 1660 1659 1657
f 1663 1664 1662 1661
o rack-2-upright-8-s
usemtl rack
v 27 11.4 0
v 27 11.4 7
v 27 11.5 0
v 27 11.5 7
v 27.1 11.4 0
v 27.1 11.4 7
v 27.1 11.5 0
v 27.1 11.5 7
f 1667 1671 1669 1665
f 1670 1672 1668 1666
f 1669 1670 1666 1665
f 1668 1672 1671 1667
f 1666 1668 1667 1665
f 1671 1672 1670 1669
o rack-2-upright-8-n
usemtl rack
v 27 12.4 0
v 27 12.4 7
v 27 12.5 0
v 27 12.5 7
v 27.1 12.4 0
v 27.1 12.4 7
v 27.1 12.5 0
v 27.1 12.5 7
f 1675 1679 1677 1673
f 1678 1680 1676 1674
f 1677 1678 1674 1673
f 1676 1680 1679 1675
f 1674 1676 1675 1673
f 1679 1680 1678 1677
o rack-2-beam-0-s
usemtl rack
v 3 11.4 1.5
v 3 11.4 1.62
v 3 11.5 1.5
v 3 11.5 1.62
v 27.1 11.4 1.5
v 27.1 11.4 1.62
v 27.1 11.5 1.5
v 27.1 11.5 1.62
f 1683 1687 1685 1681
f 1686 1688 1684 1682
f 1685 1686 1682 1681
f 1684 1688 1687 1683
f 1682 1684 1683 1681
f 1687 1688 1686 1685
o rack-2-beam-0-n
usemtl rack
v 3 12.4 1.5
v 3 12.4 1.62
v 3 12.5 1.5
v 3 12.5 1.62
v 27.1 12.4 1.5
v 27.1 12.4 1.62
v 27.1 12.5 1.5
v 27.1 12.5 1.62
f 1691 1695 1693 1689
f 1694 1696 1692 1690
f 1693 1694 1690 1689
f 1692 1696 1695 1691
f 1690 1692 1691 1689
f 1695 1696 1694 1693
o rack-2-beam-1-s
usemtl rack
v 3 11.4 3
v 3 11.4 3.12
v 3 11.5 3
v 3 11.5 3.12
v 27.1 11.4 3
v 27.1 11.4 3.12
v 27.1 11.5 3
v 27.1 11.5 3.12
f 1699 1703 1701 1697
f 1702 1704 1700 1698
f 1701 1702 1698 1697
f 1700 1704 1703 1699
f 1698 1700 1699 1697
f 1703 1704 1702 1701
o rack-2-beam-1-n
usemtl rack
v 3 12.4 3
v 3 12.4 3.12
v 3 12.5 3
v 3 12.5 3.12
v 27.1 12.4 3
v 27.1 12.4 3.12
v 27.1 12.5 3
v 27.1 12.5 3.12
f 1707 1711 1709 1705
f 1710 1712 1708 1706
f 1709 1710 1706 1705
f 1708 1712 1711 1707
f 1706 1708 1707 1705
f 1711 1712 1710 1709
o rack-2-beam-2-s
usemtl rack
v 3 11.4 4.5
v 3 11.4 4.62
v 3 11.5 4.5
v 3 11.5 4.62
v 27.1 11.4 4.5
v 27.1 11.4 4.62
v 27.1 11.5 4.5
v 27.1 11.5 4.62
f 1715 1719 1717 1713
f 1718 1720 1716 1714
f 1717 1718 1714 1713
f 1716 1720 1719 1715
f 1714 1716 1715 1713
f 1719 1720 1718 1717
o rack-2-beam-2-n
usemtl rack
v 3 12.4 4.5
v 3 12.4 4.62
v 3 12.5 4.5
v 3 12.5 4.62
v 27.1 12.4 4.5
v 27.1 12.4 4.62
v 27.1 12.5 4.5
v 27.1 12.5 4.62
f 1723 1727 1725 1721
f 1726 1728 1724 1722
f 1725 1726 1722 1721
f 1724 1728 1727 1723
f 1722 1724 1723 1721
f 1727 1728 1726 1725
o rack-2-beam-3-s
usemtl rack
v 3 11.4 6
v 3 11.4 6.12
v 3 11.5 6
v 3 11.5 6.12
v 27.1 11.4 6
v 27.1 11.4 6.12
v 27.1 11.5 6
v 27.1 11.5 6.12
f 1731 1735 1733 1729
f 1734 1736 1732 1730
f 1733 1734 1730 1729
f 1732 1736 1735 1731
f 1730 1732 1731 1729
f 1735 1736 1734 1733
o rack-2-beam-3-n
usemtl rack
v 3 12.4 6
v 3 12.4 6.12
v 3 12.5 6
v 3 12.5 6.12
v 27.1 12.4 6
v 27.1 12.4 6.12
v 27.1 12.5 6
v 27.1 12.5 6.12
f 1739 1743 1741 1737
f 1742 1744 1740 1738
f 1741 1742 1738 1737
f 1740 1744 1743 1739
f 1738 1740 1739 1737
f 1743 1744 1742 1741
o rack-2-pallet-0-0
usemtl cargo
v 3.25 11.45 0
v 3.25 11.45 1.1
v 3.25 12.45 0
v 3.25 12.45 1.1
v 5.85 11.45 0
v 5.85 11.45 1.1
v 5.85 12.45 0
v 5.85 12.45 1.1
f 1747 1751 1749 1745
f 1750 1752 1748 1746
f 1749 1750 1746 1745
f 1748 1752 1751 1747
f 1746 1748 1747 1745
f 1751 1752 1750 1749
o rack-2-pallet-0-1
usemtl cargo
v 3.25 11.45 1.62
v 3.25 11.45 2.72
v 3.25 12.45 1.62
v 3.25 12.45 2.72
v 5.85 11.45 1.62
v 5.85 11.45 2.72
v 5.85 12.45 1.62
v 5.85 12.45 2.72
f 1755 1759 1757 1753
f 1758 1760 1756 1754
f 1757 1758 1754 1753
f 1756 1760 1759 1755
f 1754 1756 1755 1753
f 1759 1760 1758 1757
o rack-2-pallet-0-3
usemtl cargo
v 3.25 11.45 4.62
v 3.25 11.45 5.72
v 3.25 12.45 4.62
v 3.25 12.45 5.72
v 5.85 11.45 4.62
v 5.85 11.45 5.72
v 5.85 12.45 4.62
v 5.85 12.45 5.72
f 1763 1767 1765 1761
f 1766 1768 1764 1762
f 1765 1766 1762 1761
f 1764 1768 1767 1763
f 1762 1764 1763 1761
f 1767 1768 1766 1765
o rack-2-pallet-0-4
usemtl cargo
v 3.25 11.45 6.12
v 3.25 11.45 7.22
v 3.25 12.45 6.12
v 3.25 12.45 7.22
v 5.85 11.45 6.12
v 5.85 11.45 7.22
v 5.85 12.45 6.12
v 5.85 12.45 7.22
f 1771 1775 1773 1769
f 1774 1776 1772 1770
f 1773 1774 1770 1769
f 1772 1776 1775 1771
f 1770 1772 1771 1769
f 1775 1776 1774 1773
o rack-2-pallet-1-0
usemtl cargo
v 6.25 11.45 0
v 6.25 11.45 1.1
v 6.25 12.45 0
v 6.25 12.45 1.1
v 8.85 11.45 0
v 8.85 11.45 1.1
v 8.85 12.45 0
v 8.85 12.45 1.1
f 1779 1783 1781 1777
f 1782 1784 1780 1778
f 1781 1782 1778 1777
f 1780 1784 1783 1779
f 1778 1780 1779 1777
f 1783 1784 1782 1781
o rack-2-pallet-1-1
usemtl cargo
v 6.25 11.45 1.62
v 6.25 11.45 2.72
v 6.25 12.45 1.62
v 6.25 12.45 2.72
v 8.85 11.45 1.62
v 8.85 11.45 2.72
v 8.85 12.45 1.62
v 8.85 12.45 2.72
f 1787 1791 1789 1785
f 1790 1792 1788 1786
f 1789 1790 1786 1785
f 1788 1792 1791 1787
f 1786 1788 1787 1785
f 1791 1792 1790 1789
o rack-2-pallet-1-2
usemtl cargo
v 6.25 11.45 3.12
v 6.25 11.45 4.22
v 6.25 12.45 3.12
v 6.25 12.45 4.22
v 8.85 11.45 3.12
v 8.85 11.45 4.22
v 8.85 12.45 3.12
v 8.85 12.45 4.22
f 1795 1799 1797 1793
f 1798 1800 1796 1794
f 1797 1798 1794 1793
f 1796 1800 1799 1795
f 1794 1796 1795 1793
f 1799 1800 1798 1797
o rack-2-pallet-1-4
usemtl cargo
v 6.25 11.45 6.12
v 6.25 11.45 7.22
v 6.25 12.45 6.12
v 6.25 12.45 7.22
v 8.85 11.45 6.12
v 8.85 11.45 7.22
v 8.85 12.45 6.12
v 8.85 12.45 7.22
f 1803 1807 1805 1801
f 1806 1808 1804 1802
f 1805 1806 1802 1801
f 1804 1808 1807 1803
f 1802 1804 1803 1801
f 1807 1808 1806 1805
o rack-2-pallet-2-1
usemtl cargo
v 9.25 11.45 1.62
v 9.25 11.45 2.72
v 9.25 12.45 1.62
v 9.25 12.45 2.72
v 11.85 11.45 1.62
v 11.85 11.45 2.72
v 11.85 12.45 1.62
v 11.85 12.45 2.72
f 1811 1815 1813 1809
f 1814 1816 1812 1810
f 1813 1814 1810 1809
f 1812 1816 1815 1811
f 1810 1812 1811 1809
f 1815 1816 1814 1813
o rack-2-pallet-2-2
usemtl cargo
v 9.25 11.45 3.12
v 9.25 11.45 4.22
v 9.25 12.45 3.12
v 9.25 12.45 4.22
v 11.85 11.45 3.12
v 11.85 11.45 4.22
v 11.85 12.45 3.12
v 11.85 12.45 4.22
f 1819 1823 1821 1817
f 1822 1824 1820 1818
f 1821 1822 1818 1817
f 1820 1824 1823 1819
f 1818 1820 1819 1817
f 1823 1824 1822 1821
o rack-2-pallet-2-3
usemtl cargo
v 9.25 11.45 4.62
v 9.25 11.45 5.72
v 9.25 12.45 4.62
v 9.25 12.45 5.72
v 11.85 11.45 4.62
v 11.85 11.45 5.72
v 11.85 12.45 4.62
v 11.85 12.45 5.72
f 1827 1831 1829 1825
f 1830 1832 1828 1826
f 1829 1830 1826 1825
f 1828 1832 1831 1827
f 1826 1828 1827 1825
f 1831 1832 1830 1829
o rack-2-pallet-3-0
usemtl cargo
v 12.25 11.45 0
v 12.25 11.45 1.1
v 12.25 12.45 0
v 12.25 12.45 1.1
v 14.85 11.45 0
v 14.85 11.45 1.1
v 14.85 12.45 0
v 14.85 12.45 1.1
f 1835 1839 1837 1833
f 1838 1840 1836 1834
f 1837 1838 1834 1833
f 1836 1840 1839 1835
f 1834 1836 1835 1833
f 1839 1840 1838 1837
o rack-2-pallet-3-2
usemtl cargo
v 12.25 11.45 3.12
v 12.25 11.45 4.22
v 12.25 12.45 3.12
v 12.25 12.45 4.22
v 14.85 11.45 3.12
v 14.85 11.45 4.22
v 14.85 12.45 3.12
v 14.85 12.45 4.22
f 1843 1847 1845 1841
f 1846 1848 1844 1842
f 1845 1846 1842 1841
f 1844 1848 1847 1843
f 1842 1844 1843 1841
f 1847 1848 1846 1845
o rack-2-pallet-3-3
usemtl cargo
v 12.25 11.45 4.62
v 12.25 11.45 5.72
v 12.25 12.45 4.62
v 12.25 12.45 5.72
v 14.85 11.45 4.62
v 14.85 11.45 5.72
v 14.85 12.45 4.62
v 14.85 12.45 5.72
f 1851 1855 1853 1849
f 1854 1856 1852 1850
f 1853 1854 1850 1849
f 1852 1856 1855 1851
f 1850 1852 1851 1849
f 1855 1856 1854 1853
o rack-2-pallet-3-4
usemtl cargo
v 12.25 11.45 6.12
v 12.25 11.45 7.22
v 12.25 12.45 6.12
v 12.25 12.45 7.22
v 14.85 11.45 6.12
v 14.85 11.45 7.22
v 14.85 12.45 6.12
v 14.85 12.45 7.22
f 1859 1863 1861 1857
f 1862 1864 1860 1858
f 1861 1862 1858 1857
f 1860 1864 1863 1859
f 1858 1860 1859 1857
f 1863 1864 1862 1861
o rack-2-pallet-4-0
usemtl cargo
v 15.25 11.45 0
v 15.25 11.45 1.1
v 15.25 12.45 0
v 15.25 12.45 1.1
v 17.85 11.45 0
v 17.85 11.45 1.1
v 17.85 12.45 0
v 17.85 12.45 1.1
f 1867 1871 1869 1865
f 1870 1872 1868 1866
f 1869 1870 1866 1865
f 1868 1872 1871 1867
f 1866 1868 1867 1865
f 1871 1872 1870 1869
o rack-2-pallet-4-1
usemtl cargo
v 15.25 11.45 1.62
v 15.25 11.45 2.72
v 15.25 12.45 1.62
v 15.25 12.45 2.72
v 17.85 11.45 1.62
v 17.85 11.45 2.72
v 17.85 12.45 1.62
v 17.85 12.45 2.72
f 1875 1879 1877 1873
f 1878 1880 1876 1874
f 1877 1878 1874 1873
f 1876 1880 1879 1875
f 1874 1876 1875 1873
f 1879 1880 1878 1877
o rack-2-pallet-4-3
usemtl cargo
v 15.25 11.45 4.62
v 15.25 11.45 5.72
v 15.25 12.45 4.62
v 15.25 12.45 5.72
v 17.85 11.45 4.62
v 17.85 11.45 5.72
v 17.85 12.45 4.62
v 17.85 12.45 5.72
f 1883 1887 1885 1881
f 1886 1888 1884 1882
f 1885 1886 1882 1881
f 1884 1888 1887 1883
f 1882 1884 1883 1881
f 1887 1888 1886 1885
o rack-2-pallet-4-4
usemtl cargo
v 15.25 11.45 6.12
v 15.25 11.45 7.22
v 15.25 12.45 6.12
v 15.25 12.45 7.22
v 17.85 11.45 6.12
v 17.85 11.45 7.22
v 17.85 12.45 6.12
v 17.85 12.45 7.22
f 1891 1895 1893 1889
f 1894 1896 1892 1890
f 1893 1894 1890 1889
f 1892 1896 1895 1891
f 1890 1892 1891 1889
f 1895 1896 1894 1893
o rack-2-pallet-5-0
usemtl cargo
v 18.25 11.45 0
v 18.25 11.45 1.1
v 18.25 12.45 0
v 18.25 12.45 1.1
v 20.85 11.45 0
v 20.85 11.45 1.1
v 20.85 12.45 0
v 20.85 12.45 1.1
f 1899 1903 1901 1897
f 1902 1904 1900 1898
f 1901 1902 1898 1897
f 1900 1904 1903 1899
f 1898 1900 1899 1897
f 1903 1904 1902 1901
o rack-2-pallet-5-1
usemtl cargo
v 18.25 11.45 1.62
v 18.25 11.45 2.72
v 18.25 12.45 1.62
v 18.25 12.45 2.72
v 20.85 11.45 1.62
v 20.85 11.45 2.72
v 20.85 12.45 1.62
v 20.85 12.45 2.72
f 1907 1911 1909 1905
f 1910 1912 1908 1906
f 1909 1910 1906 1905
f 1908 1912 1911 1907
f 1906 1908 1907 1905
f 1911 1912 1910 1909
o rack-2-pallet-5-2
usemtl cargo
v 18.25 11.45 3.12
v 18.25 11.45 4.22
v 18.25 12.45 3.12
v 18.25 12.45 4.22
v 20.85 11.45 3.12
v 20.85 11.45 4.22
v 20.85 12.45 3.12
v 20.85 12.45 4.22
f 1915 1919 1917 1913
f 1918 1920 1916 1914
f 1917 1918 1914 1913
f 1916 1920 1919 1915
f 1914 1916 1915 1913
f 1919 1920 1918 1917
o rack-2-pallet-5-4
usemtl cargo
v 18.25 11.45 6.12
v 18.25 11.45 7.22
v 18.25 12.45 6.12
v 18.25 12.45 7.22
v 20.85 11.45 6.12
v 20.85 11.45 7.22
v 20.85 12.45 6.12
v 20.85 12.45 7.22
f 1923 1927 1925 1921
f 1926 1928 1924 1922
f 1925 1926 1922 1921
f 1924 1928 1927 1923
f 1922 1924 1923 1921
f 1927 1928 1926 1925
o rack-2-pallet-6-1
usemtl cargo
v 21.25 11.45 1.62
v 21.25 11.45 2.72
v 21.25 12.45 1.62
v 21.25 12.45 2.72
v 23.85 11.45 1.62
v 23.85 11.45 2.72
v 23.85 12.45 1.62
v 23.85 12.45 2.72
f 1931 1935 1933 1929
f 1934 1936 1932 1930
f 1933 1934 1930 1929
f 1932 1936 1935 1931
f 1930 1932 1931 1929
f 1935 1936 1934 1933
o rack-2-pallet-6-2
usemtl cargo
v 21.25 11.45 3.12
v 21.25 11.45 4.22
v 21.25 12.45 3.12
v 21.25 12.45 4.22
v 23.85 11.45 3.12
v 23.85 11.45 4.22
v 23.85 12.45 3.12
v 23.85 12.45 4.22
f 1939 1943 1941 1937
f 1942 1944 1940 1938
f 1941 1942 1938 1937
f 1940 1944 1943 1939
f 1938 1940 1939 1937
f 1943 1944 1942 1941
o rack-2-pallet-6-3
usemtl cargo
v 21.25 11.45 4.62
v 21.25 11.45 5.72
v 21.25 12.45 4.62
v 21.25 12.45 5.72
v 23.85 11.45 4.62
v 23.85 11.45 5.72
v 23.85 12.45 4.62
v 23.85 12.45 5.72
f 1947 1951 1949 1945
f 1950 1952 1948 1946
f 1949 1950 1946 1945
f 1948 1952 1951 1947
f 1946 1948 1947 1945
f 1951 1952 1950 1949
o rack-2-pallet-7-0
usemtl cargo
v 24.25 11.45 0
v 24.25 11.45 1.1
v 24.25 12.45 0
v 24.25 12.45 1.1
v 26.85 11.45 0
v 26.85 11.45 1.1
v 26.85 12.45 0
v 26.85 12.45 1.1
f 1955 1959 1957 1953
f 1958 1960 1956 1954
f 1957 1958 1954 1953
f 1956 1960 1959 1955
f 1954 1956 1955 1953
f 1959 1960 1958 1957
o rack-2-pallet-7-2
usemtl cargo
v 24.25 11.45 3.12
v 24.25 11.45 4.22
v 24.25 12.45 3.12
v 24.25 12.45 4.22
v 26.85 11.45 3.12
v 26.85 11.45 4.22
v 26.85 12.45 3.12
v 26.85 12.45 4.22
f 1963 1967 1965 1961
f 1966 1968 1964 1962
f 1965 1966 1962 1961
f 1964 1968 1967 1963
f 1962 1964 1963 1961
f 1967 1968 1966 1965
o rack-2-pallet-7-3
usemtl cargo
v 24.25 11.45 4.62
v 24.25 11.45 5.72
v 24.25 12.45 4.62
v 24.25 12.45 5.72
v 26.85 11.45 4.62
v 26.85 11.45 5.72
v 26.85 12.45 4.62
v 26.85 12.45 5.72
f 1971 1975 1973 1969
f 1974 1976 1972 1970
f 1973 1974 1970 1969
f 1972 1976 1975 1971
f 1970 1972 1971 1969
f 1975 1976 1974 1973
o rack-2-pallet-7-4
usemtl cargo
v 24.25 11.45 6.12
v 24.25 11.45 7.22
v 24.25 12.45 6.12
v 24.25 12.45 7.22
v 26.85 11.45 6.12
v 26.85 11.45 7.22
v 26.85 12.45 6.12
v 26.85 12.45 7.22
f 1979 1983 1981 1977
f 1982 1984 1980 1978
f 1981 1982 1978 1977
f 1980 1984 1983 1979
f 1978 1980 1979 1977
f 1983 1984 1982 1981
o rack-3-upright-0-s
usemtl rack
v 3 15.6 0
v 3 15.6 7
v 3 15.7 0
v 3 15.7 7
v 3.1 15.6 0
v 3.1 15.6 7
v 3.1 15.7 0
v 3.1 15.7 7
f 1987 1991 1989 1985
f 1990 1992 1988 1986
f 1989 1990 1986 1985
f 1988 1992 1991 1987
f 1986 1988 1987 1985
f 1991 1992 1990 1989
o rack-3-upright-0-n
usemtl rack
v 3 16.6 0
v 3 16.6 7
v 3 16.7 0
v 3 16.7 7
v 3.1 16.6 0
v 3.1 16.6 7
v 3.1 16.7 0
v 3.1 16.7 7
f 1995 1999 1997 1993
f 1998 2000 1996 1994
f 1997 1998 1994 1993
f 1996 2000 1999 1995
f 1994 1996 1995 1993
f 1999 2000 1998 1997
o rack-3-upright-1-s
usemtl rack
v 6 15.6 0
v 6 15.6 7
v 6 15.7 0
v 6 15.7 7
v 6.1 15.6 0
v 6.1 15.6 7
v 6.1 15.7 0
v 6.1 15.7 7
f 2003 2007 2005 2001
f 2006 2008 2004 2002
f 2005 2006 2002 2001
f 2004 2008 2007 2003
f 2002 2004 2003 2001
f 2007 2008 2006 2005
o rack-3-upright-1-n
usemtl rack
v 6 16.6 0
v 6 16.6 7
v 6 16.7 0
v 6 16.7 7
v 6.1 16.6 0
v 6.1 16.6 7
v 6.1 16.7 0
v 6.1 16.7 7
f 2011 2015 2013 2009
f 2014 2016 2012 2010
f 2013 2014 2010 2009
f 2012 2016 2015 2011
f 2010 2012 2011 2009
f 2015 2016 2014 2013
o rack-3-upright-2-s
usemtl rack
v 9 15.6 0
v 9 15.6 7
v 9 15.7 0
v 9 15.7 7
v 9.1 15.6 0
v 9.1 15.6 7
v 9.1 15.7 0
v 9.1 15.7 7
f 2019 2023 2021 2017
f 2022 2024 2020 2018
f 2021 2022 2018 2017
f 2020 2024 2023 2019
f 2018 2020 2019 2017
f 2023 2024 2022 2021
o rack-3-upright-2-n
usemtl rack
v 9 16.6 0
v 9 16.6 7
v 9 16.7 0
v 9 16.7 7
v 9.1 16.6 0
v 9.1 16.6 7
v 9.1 16.7 0
v 9.1 16.7 7
f 2027 2031 2029 2025
f 2030 2032 2028 2026
f 2029 2030 2026 2025
f 2028 2032 2031 2027
f 2026 2028 2027 2025
f 2031 2032 2030 2029
o rack-3-upright-3-s
usemtl rack
v 12 15.6 0
v 12 15.6 7
v 12 15.7 0
v 12 15.7 7
v 12.1 15.6 0
v 12.1 15.6 7
v 12.1 15.7 0
v 12.1 15.7 7
f 2035 2039 2037 2033
f 2038 2040 2036 2034
f 2037 2038 2034 2033
f 2036 2040 2039 2035
f 2034 2036 2035 2033
f 2039 2040 2038 2037
o rack-3-upright-3-n
usemtl rack
v 12 16.6 0
v 12 16.6 7
v 12 16.7 0
v 12 16.7 7
v 12.1 16.6 0
v 12.1 16.6 7
v 12.1 16.7 0
v 12.1 16.7 7
f 2043 2047 2045 2041
f 2046 2048 2044 2042
f 2045 2046 2042 2041
f 2044 2048 2047 2043
f 2042 2044 2043 2041
f 2047 2048 2046 2045
o rack-3-upright-4-s
usemtl rack
v 15 15.6 0
v 15 15.6 7
v 15 15.7 0
v 15 15.7 7
v 15.1 15.6 0
v 15.1 15.6 7
v 15.1 15.7 0
v 15.1 15.7 7
f 2051 2055 2053 2049
f 2054 2056 2052 2050
f 2053 2054 2050 2049
f 2052 2056 2055 2051
f 2050 2052 2051 2049
f 2055 2056 2054 2053
o rack-3-upright-4-n
usemtl rack
v 15 16.6 0
v 15 16.6 7
v 15 16.7 0
v 15 16.7 7
v 15.1 16.6 0
v 15.1 16.6 7
v 15.1 16.7 0
v 15.1 16.7 7
f 2059 2063 2061 2057
f 2062 2064 2060 2058
f 2061 2062 2058 2057
f 2060 2064 2063 2059
f 2058 2060 2059 2057
f 2063 2064 2062 2061
o rack-3-upright-5-s
usemtl rack
v 18 15.6 0
v 18 15.6 7
v 18 15.7 0
v 18 15.7 7
v 18.1 15.6 0
v 18.1 15.6 7
v 18.1 15.7 0
v 18.1 15.7 7
f 2067 2071 2069 2065
f 2070 2072 2068 2066
f 2069 2070 2066 2065
f 2068 2072 2071 2067
f 2066 2068 2067 2065
f 2071 2072 2070 2069
o rack-3-upright-5-n
usemtl rack
v 18 16.6 0
v 18 16.6 7
v 18 16.7 0
v 18 16.7 7
v 18.1 16.6 0
v 18.1 16.6 7
v 18.1 16.7 0
v 18.1 16.7 7
f 2075 2079 2077 2073
f 2078 2080 2076 2074
f 2077 2078 2074 2073
f 2076 2080 2079 2075
f 2074 2076 2075 2073
f 2079 2080 2078 2077
o rack-3-upright-6-s
usemtl rack
v 21 15.6 0
v 21 15.6 7
v 21 15.7 0
v 21 15.7 7
v 21.1 15.6 0
v 21.1 15.6 7
v 21.1 15.7 0
v 21.1 15.7 7
f 2083 2087 2085 2081
f 2086 2088 2084 2082
f 2085 2086 2082 2081
f 2084 2088 2087 2083
f 2082 2084 2083 2081
f 2087 2088 2086 2085
o rack-3-upright-6-n
usemtl rack
v 21 16.6 0
v 21 16.6 7
v 21 16.7 0
v 21 16.7 7
v 21.1 16.6 0
v 21.1 16.6 7
v 21.1 16.7 0
v 21.1 16.7 7
f 2091 2095 2093 2089
f 2094 2096 2092 2090
f 2093 2094 2090 2089
f 2092 2096 2095 2091
f 2090 2092 2091 2089
f 2095 2096 2094 2093
o rack-3-upright-7-s
usemtl rack
v 24 15.6 0
v 24 15.6 7
v 24 15.7 0
v 24 15.7 7
v 24.1 15.6 0
v 24.1 15.6 7
v 24.1 15.7 0
v 24.1 15.7 7
f 2099 2103 2101 2097
f 2102 2104 2100 2098
f 2101 2102 2098 2097
f 2100 2104 2103 2099
f 2098 2100 2099 2097
f 2103 2104 2102 2101
o rack-3-upright-7-n
usemtl rack
v 24 16.6 0
v 24 16.6 7
v 24 16.7 0
v 24 16.7 7
v 24.1 16.6 0
v 24.1 16.6 7
v 24.1 16.7 0
v 24.1 16.7 7
f 2107 2111 2109 2105
f 2110 2112 2108 2106
f 2109 2110 2106 2105
f 2108 2112 2111 2107
f 2106 2108 2107 2105
f 2111 2112 2110 2109
o rack-3-upright-8-s
usemtl rack
v 27 15.6 0
v 27 15.6 7
v 27 15.7 0
v 27 15.7 7
v 27.1 15.6 0
v 27.1 15.6 7
v 27.1 15.7 0
v 27.1 15.7 7
f 2115 2119 2117 2113
f 2118 2120 2116 2114
f 2117 2118 2114 2113
f 2116 2120 2119 2115
f 2114 2116 2115 2113
f 2119 2120 2118 2117
o rack-3-upright-8-n
usemtl rack
v 27 16.6 0
v 27 16.6 7
v 27 16.7 0
v 27 16.7 7
v 27.1 16.6 0
v 27.1 16.6 7
v 27.1 16.7 0
v 27.1 16.7 7
f 2123 2127 2125 2121
f 2126 2128 2124 2122
f 2125 2126 2122 2121
f 2124 2128 2127 2123
f 2122 2124 2123 2121
f 2127 2128 2126 2125
o rack-3-beam-0-s
usemtl rack
v 3 15.6 1.5
v 3 15.6 1.62
v 3 15.7 1.5
v 3 15.7 1.62
v 27.1 15.6 1.5
v 27.1 15.6 1.62
v 27.1 15.7 1.5
v 27.1 15.7 1.62
f 2131 2135 2133 2129
f 2134 2136 2132 2130
f 2133 2134 2130 2129
f 2132 2136 2135 2131
f 2130 2132 2131 2129
f 2135 2136 2134 2133
o rack-3-beam-0-n
usemtl rack
v 3 16.6 1.5
v 3 16.6 1.62
v 3 16.7 1.5
v 3 16.7 1.62
v 27.1 16.6 1.5
v 27.1 16.6 1.62
v 27.1 16.7 1.5
v 27.1 16.7 1.62
f 2139 2143 2141 2137
f 2142 2144 2140 2138
f 2141 2142 2138 2137
f 2140 2144 2143 2139
f 2138 2140 2139 2137
f 2143 2144 2142 2141
o rack-3-beam-1-s
usemtl rack
v 3 15.6 3
v 3 15.6 3.12
v 3 15.7 3
v 3 15.7 3.12
v 27.1 15.6 3
v 27.1 15.6 3.12
v 27.1 15.7 3
v 27.1 15.7 3.12
f 2147 2151 2149 2145
f 2150 2152 2148 2146
f 2149 2150 2146 2145
f 2148 2152 2151 2147
f 2146 2148 2147 2145
f 2151 2152 2150 2149
o rack-3-beam-1-n
usemtl rack
v 3 16.6 3
v 3 16.6 3.12
v 3 16.7 3
v 3 16.7 3.12
v 27.1 16.6 3
v 27.1 16.6 3.12
v 27.1 16.7 3
v 27.1 16.7 3.12
f 2155 2159 2157 2153
f 2158 2160 2156 2154
f 2157 2158 2154 2153
f 2156 2160 2159 2155
f 2154 2156 2155 2153
f 2159 2160 2158 2157
o rack-3-beam-2-s
usemtl rack
v 3 15.6 4.5
v 3 15.6 4.62
v 3 15.7 4.5
v 3 15.7 4.62
v 27.1 15.6 4.5
v 27.1 15.6 4.62
v 27.1 15.7 4.5
v 27.1 15.7 4.62
f 2163 2167 2165 2161
f 2166 2168 2164 2162
f 2165 2166 2162 2161
f 2164 2168 2167 2163
f 2162 2164 2163 2161
f 2167 2168 2166 2165
o rack-3-beam-2-n
usemtl rack
v 3 16.6 4.5
v 3 16.6 4.62
v 3 16.7 4.5
v 3 16.7 4.62
v 27.1 16.6 4.5
v 27.1 16.6 4.62
v 27.1 16.7 4.5
v 27.1 16.7 4.62
f 2171 2175 2173 2169
f 2174 2176 2172 2170
f 2173 2174 2170 2169
f 2172 2176 2175 2171
f 2170 2172 2171 2169
f 2175 2176 2174 2173
o rack-3-beam-3-s
usemtl rack
v 3 15.6 6
v 3 15.6 6.12
v 3 15.7 6
v 3 15.7 6.12
v 27.1 15.6 6
v 27.1 15.6 6.12
v 27.1 15.7 6
v 27.1 15.7 6.12
f 2179 2183 2181 2177
f 2182 2184 2180 2178
f 2181 2182 2178 2177
f 2180 2184 2183 2179
f 2178 2180 2179 2177
f 2183 2184 2182 2181
o rack-3-beam-3-n
usemtl rack
v 3 16.6 6
v 3 16.6 6.12
v 3 16.7 6
v 3 16.7 6.12
v 27.1 16.6 6
v 27.1 16.6 6.12
v 27.1 16.7 6
v 27.1 16.7 6.12
f 2187 2191 2189 2185
f 2190 2192 2188 2186
f 2189 2190 2186 2185
f 2188 2192 2191 2187
f 2186 2188 2187 2185
f 2191 2192 2190 2189
o rack-3-pallet-0-0
usemtl cargo
v 3.25 15.65 0
v 3.25 15.65 1.1
v 3.25 16.65 0
v 3.25 16.65 1.1
v 5.85 15.65 0
v 5.85 15.65 1.1
v 5.85 16.65 0
v 5.85 16.65 1.1
f 2195 2199 2197 2193
f 2198 2200 2196 2194
f 2197 2198 2194 2193
f 2196 2200 2199 2195
f 2194 2196 2195 2193
f 2199 2200 2198 2197
o rack-3-pallet-0-1
usemtl cargo
v 3.25 15.65 1.62
v 3.25 15.65 2.72
v 3.25 16.65 1.62
v 3.25 16.65 2.72
v 5.85 15.65 1.62
v 5.85 15.65 2.72
v 5.85 16.65 1.62
v 5.85 16.65 2.72
f 2203 2207 2205 2201
f 2206 2208 2204 2202
f 2205 2206 2202 2201
f 2204 2208 2207 2203
f 2202 2204 2203 2201
f 2207 2208 2206 2205
o rack-3-pallet-0-2
usemtl cargo
v 3.25 15.65 3.12
v 3.25 15.65 4.22
v 3.25 16.65 3.12
v 3.25 16.65 4.22
v 5.85 15.65 3.12
v 5.85 15.65 4.22
v 5.85 16.65 3.12
v 5.85 16.65 4.22
f 2211 2215 2213 2209
f 2214 2216 2212 2210
f 2213 2214 2210 2209
f 2212 2216 2215 2211
f 2210 2212 2211 2209
f 2215 2216 2214 2213
o rack-3-pallet-0-4
usemtl cargo
v 3.25 15.65 6.12
v 3.25 15.65 7.22
v 3.25 16.65 6.12
v 3.25 16.65 7.22
v 5.85 15.65 6.12
v 5.85 15.65 7.22
v 5.85 16.65 6.12
v 5.85 16.65 7.22
f 2219 2223 2221 2217
f 2222 2224 2220 2218
f 2221 2222 2218 2217
f 2220 2224 2223 2219
f 2218 2220 2219 2217
f 2223 2224 2222 2221
o rack-3-pallet-1-1
usemtl cargo
v 6.25 15.65 1.62
v 6.25 15.65 2.72
v 6.25 16.65 1.62
v 6.25 16.65 2.72
v 8.85 15.65 1.62
v 8.85 15.65 2.72
v 8.85 16.65 1.62
v 8.85 16.65 2.72
f 2227 2231 2229 2225
f 2230 2232 2228 2226
f 2229 2230 2226 2225
f 2228 2232 2231 2227
f 2226 2228 2227 2225
f 2231 2232 2230 2229
o rack-3-pallet-1-2
usemtl cargo
v 6.25 15.65 3.12
v 6.25 15.65 4.22
v 6.25 16.65 3.12
v 6.25 16.65 4.22
v 8.85 15.65 3.12
v 8.85 15.65 4.22
v 8.85 16.65 3.12
v 8.85 16.65 4.22
f 2235 2239 2237 2233
f 2238 2240 2236 2234
f 2237 2238 2234 2233
f 2236 2240 2239 2235
f 2234 2236 2235 2233
f 2239 2240 2238 2237
o rack-3-pallet-1-3
usemtl cargo
v 6.25 15.65 4.62
v 6.25 15.65 5.72
v 6.25 16.65 4.62
v 6.25 16.65 5.72
v 8.85 15.65 4.62
v 8.85 15.65 5.72
v 8.85 16.65 4.62
v 8.85 16.65 5.72
f 2243 2247 2245 2241
f 2246 2248 2244 2242
f 2245 2246 2242 2241
f 2244 2248 2247 2243
f 2242 2244 2243 2241
f 2247 2248 2246 2245
o rack-3-pallet-2-0
usemtl cargo
v 9.25 15.65 0
v 9.25 15.65 1.1
v 9.25 16.65 0
v 9.25 16.65 1.1
v 11.85 15.65 0
v 11.85 15.65 1.1
v 11.85 16.65 0
v 11.85 16.65 1.1
f 2251 2255 2253 2249
f 2254 2256 2252 2250
f 2253 2254 2250 2249
f 2252 2256 2255 2251
f 2250 2252 2251 2249
f 2255 2256 2254 2253
o rack-3-pallet-2-2
usemtl cargo
v 9.25 15.65 3.12
v 9.25 15.65 4.22
v 9.25 16.65 3.12
v 9.25 16.65 4.22
v 11.85 15.65 3.12
v 11.85 15.65 4.22
v 11.85 16.65 3.12
v 11.85 16.65 4.22
f 2259 2263 2261 2257
f 2262 2264 2260 2258
f 2261 2262 2258 2257
f 2260 2264 2263 2259
f 2258 2260 2259 2257
f 2263 2264 2262 2261
o rack-3-pallet-2-3
usemtl cargo
v 9.25 15.65 4.62
v 9.25 15.65 5.72
v 9.25 16.65 4.62
v 9.25 16.65 5.72
v 11.85 15.65 4.62
v 11.85 15.65 5.72
v 11.85 16.65 4.62
v 11.85 16.65 5.72
f 2267 2271 2269 2265
f 2270 2272 2268 2266
f 2269 2270 2266 2265
f 2268 2272 2271 2267
f 2266 2268 2267 2265
f 2271 2272 2270 2269
o rack-3-pallet-2-4
usemtl cargo
v 9.25 15.65 6.12
v 9.25 15.65 7.22
v 9.25 16.65 6.12
v 9.25 16.65 7.22
v 11.85 15.65 6.12
v 11.85 15.65 7.22
v 11.85 16.65 6.12
v 11.85 16.65 7.22
f 2275 2279 2277 2273
f 2278 2280 2276 2274
f 2277 2278 2274 2273
f 2276 2280 2279 2275
f 2274 2276 2275 2273
f 2279 2280 2278 2277
o rack-3-pallet-3-0
usemtl cargo
v 12.25 15.65 0
v 12.25 15.65 1.1
v 12.25 16.65 0
v 12.25 16.65 1.1
v 14.85 15.65 0
v 14.85 15.65 1.1
v 14.85 16.65 0
v 14.85 16.65 1.1
f 2283 2287 2285 2281
f 2286 2288 2284 2282
f 2285 2286 2282 2281
f 2284 2288 2287 2283
f 2282 2284 2283 2281
f 2287 2288 2286 2285
o rack-3-pallet-3-1
usemtl cargo
v 12.25 15.65 1.62
v 12.25 15.65 2.72
v 12.25 16.65 1.62
v 12.25 16.65 2.72
v 14.85 15.65 1.62
v 14.85 15.65 2.72
v 14.85 16.65 1.62
v 14.85 16.65 2.72
f 2291 2295 2293 2289
f 2294 2296 2292 2290
f 2293 2294 2290 2289
f 2292 2296 2295 2291
f 2290 2292 2291 2289
f 2295 2296 2294 2293
o rack-3-pallet-3-3
usemtl cargo
v 12.25 15.65 4.62
v 12.25 15.65 5.72
v 12.25 16.65 4.62
v 12.25 16.65 5.72
v 14.85 15.65 4.62
v 14.85 15.65 5.72
v 14.85 16.65 4.62
v 14.85 16.65 5.72
f 2299 2303 2301 2297
f 2302 2304 2300 2298
f 2301 2302 2298 2297
f 2300 2304 2303 2299
f 2298 2300 2299 2297
f 2303 2304 2302 2301
o rack-3-pallet-3-4
usemtl cargo
v 12.25 15.65 6.12
v 12.25 15.65 7.22
v 12.25 16.65 6.12
v 12.25 16.65 7.22
v 14.85 15.65 6.12
v 14.85 15.65 7.22
v 14.85 16.65 6.12
v 14.85 16.65 7.22
f 2307 2311 2309 2305
f 2310 2312 2308 2306
f 2309 2310 2306 2305
f 2308 2312 2311 2307
f 2306 2308 2307 2305
f 2311 2312 2310 2309
o rack-3-pallet-4-0
usemtl cargo
v 15.25 15.65 0
v 15.25 15.65 1.1
v 15.25 16.65 0
v 15.25 16.65 1.1
v 17.85 15.65 0
v 17.85 15.65 1.1
v 17.85 16.65 0
v 17.85 16.65 1.1
f 2315 2319 2317 2313
f 2318 2320 2316 2314
f 2317 2318 2314 2313
f 2316 2320 2319 2315
f 2314 2316 2315 2313
f 2319 2320 2318 2317
o rack-3-pallet-4-1
usemtl cargo
v 15.25 15.65 1.62
v 15.25 15.65 2.72
v 15.25 16.65 1.62
v 15.25 16.65 2.72
v 17.85 15.65 1.62
v 17.85 15.65 2.72
v 17.85 16.65 1.62
v 17.85 16.65 2.72
f 2323 2327 2325 2321
f 2326 2328 2324 2322
f 2325 2326 2322 2321
f 2324 2328 2327 2323
f 2322 2324 2323 2321
f 2327 2328 2326 2325
o rack-3-pallet-4-2
usemtl cargo
v 15.25 15.65 3.12
v 15.25 15.65 4.22
v 15.25 16.65 3.12
v 15.25 16.65 4.22
v 17.85 15.65 3.12
v 17.85 15.65 4.22
v 17.85 16.65 3.12
v 17.85 16.65 4.22
f 2331 2335 2333 2329
f 2334 2336 2332 2330
f 2333 2334 2330 2329
f 2332 2336 2335 2331
f 2330 2332 2331 2329
f 2335 2336 2334 2333
o rack-3-pallet-4-4
usemtl cargo
v 15.25 15.65 6.12
v 15.25 15.65 7.22
v 15.25 16.65 6.12
v 15.25 16.65 7.22
v 17.85 15.65 6.12
v 17.85 15.65 7.22
v 17.85 16.65 6.12
v 17.85 16.65 7.22
f 2339 2343 2341 2337
f 2342 2344 2340 2338
f 2341 2342 2338 2337
f 2340 2344 2343 2339
f 2338 2340 2339 2337
f 2343 2344 2342 2341
o rack-3-pallet-5-1
usemtl cargo
v 18.25 15.65 1.62
v 18.25 15.65 2.72
v 18.25 16.65 1.62
v 18.25 16.65 2.72
v 20.85 15.65 1.62
v 20.85 15.65 2.72
v 20.85 16.65 1.62
v 20.85 16.65 2.72
f 2347 2351 2349 2345
f 2350 2352 2348 2346
f 2349 2350 2346 2345
f 2348 2352 2351 2347
f 2346 2348 2347 2345
f 2351 2352 2350 2349
o rack-3-pallet-5-2
usemtl cargo
v 18.25 15.65 3.12
v 18.25 15.65 4.22
v 18.25 16.65 3.12
v 18.25 16.65 4.22
v 20.85 15.65 3.12
v 20.85 15.65 4.22
v 20.85 16.65 3.12
v 20.85 16.65 4.22
f 2355 2359 2357 2353
f 2358 2360 2356 2354
f 2357 2358 2354 2353
f 2356 2360 2359 2355
f 2354 2356 2355 2353
f 2359 2360 2358 2357
o rack-3-pallet-5-3
usemtl cargo
v 18.25 15.65 4.62
v 18.25 15.65 5.72
v 18.25 16.65 4.62
v 18.25 16.65 5.72
v 20.85 15.65 4.62
v 20.85 15.65 5.72
v 20.85 16.65 4.62
v 20.85 16.65 5.72
f 2363 2367 2365 2361
f 2366 2368 2364 2362
f 2365 2366 2362 2361
f 2364 2368 2367 2363
f 2362 2364 2363 2361
f 2367 2368 2366 2365
o rack-3-pallet-6-0
usemtl cargo
v 21.25 15.65 0
v 21.25 15.65 1.1
v 21.25 16.65 0
v 21.25 16.65 1.1
v 23.85 15.65 0
v 23.85 15.65 1.1
v 23.85 16.65 0
v 23.85 16.65 1.1
f 2371 2375 2373 2369
f 2374 2376 2372 2370
f 2373 2374 2370 2369
f 2372 2376 2375 2371
f 2370 2372 2371 2369
f 2375 2376 2374 2373
o rack-3-pallet-6-2
usemtl cargo
v 21.25 15.65 3.12
v 21.25 15.65 4.22
v 21.25 16.65 3.12
v 21.25 16.65 4.22
v 23.85 15.65 3.12
v 23.85 15.65 4.22
v 23.85 16.65 3.12
v 23.85 16.65 4.22
f 2379 2383 2381 2377
f 2382 2384 2380 2378
f 2381 2382 2378 2377
f 2380 2384 2383 2379
f 2378 2380 2379 2377
f 2383 2384 2382 2381
o rack-3-pallet-6-3
usemtl cargo
v 21.25 15.65 4.62
v 21.25 15.65 5.72
v 21.25 16.65 4.62
v 21.25 16.65 5.72
v 23.85 15.65 4.62
v 23.85 15.65 5.72
v 23.85 16.65 4.62
v 23.85 16.65 5.72
f 2387 2391 2389 2385
f 2390 2392 2388 2386
f 2389 2390 2386 2385
f 2388 2392 2391 2387
f 2386 2388 2387 2385
f 2391 2392 2390 2389
o rack-3-pallet-6-4
usemtl cargo
v 21.25 15.65 6.12
v 21.25 15.65 7.22
v 21.25 16.65 6.12
v 21.25 16.65 7.22
v 23.85 15.65 6.12
v 23.85 15.65 7.22
v 23.85 16.65 6.12
v 23.85 16.65 7.22
f 2395 2399 2397 2393
f 2398 2400 2396 2394
f 2397 2398 2394 2393
f 2396 2400 2399 2395
f 2394 2396 2395 2393
f 2399 2400 2398 2397
o rack-3-pallet-7-0
usemtl cargo
v 24.25 15.65 0
v 24.25 15.65 1.1
v 24.25 16.65 0
v 24.25 16.65 1.1
v 26.85 15.65 0
v 26.85 15.65 1.1
v 26.85 16.65 0
v 26.85 16.65 1.1
f 2403 2407 2405 2401
f 2406 2408 2404 2402
f 2405 2406 2402 2401
f 2404 2408 2407 2403
f 2402 2404 2403 2401
f 2407 2408 2406 2405
o rack-3-pallet-7-1
usemtl cargo
v 24.25 15.65 1.62
v 24.25 15.65 2.72
v 24.25 16.65 1.62
v 24.25 16.65 2.72
v 26.85 15.65 1.62
v 26.85 15.65 2.72
v 26.85 16.65 1.62
v 26.85 16.65 2.72
f 2411 2415 2413 2409
f 2414 2416 2412 2410
f 2413 2414 2410 2409
f 2412 2416 2415 2411
f 2410 2412 2411 2409
f 2415 2416 2414 2413
o rack-3-pallet-7-3
usemtl cargo
v 24.25 15.65 4.62
v 24.25 15.65 5.72
v 24.25 16.65 4.62
v 24.25 16.65 5.72
v 26.85 15.65 4.62
v 26.85 15.65 5.72
v 26.85 16.65 4.62
v 26.85 16.65 5.72
f 2419 2423 2421 2417
f 2422 2424 2420 2418
f 2421 2422 2418 2417
f 2420 2424 2423 2419
f 2418 2420 2419 2417
f 2423 2424 2422 2421
o rack-3-pallet-7-4
usemtl cargo
v 24.25 15.65 6.12
v 24.25 15.65 7.22
v 24.25 16.65 6.12
v 24.25 16.65 7.22
v 26.85 15.65 6.12
v 26.85 15.65 7.22
v 26.85 16.65 6.12
v 26.85 16.65 7.22
f 2427 2431 2429 2425
f 2430 2432 2428 2426
f 2429 2430 2426 2425
f 2428 2432 2431 2427
f 2426 2428 2427 2425
f 2431 2432 2430 2429
o rack-4-upright-0-s
usemtl rack
v 3 19.8 0
v 3 19.8 7
v 3 19.9 0
v 3 19.9 7
v 3.1 19.8 0
v 3.1 19.8 7
v 3.1 19.9 0
v 3.1 19.9 7
f 2435 2439 2437 2433
f 2438 2440 2436 2434
f 2437 2438 2434 2433
f 2436 2440 2439 2435
f 2434 2436 2435 2433
f 2439 2440 2438 2437
o rack-4-upright-0-n
usemtl rack
v 3 20.8 0
v 3 20.8 7
v 3 20.9 0
v 3 20.9 7
v 3.1 20.8 0
v 3.1 20.8 7
v 3.1 20.9 0
v 3.1 20.9 7
f 2443 2447 2445 2441
f 2446 2448 2444 2442
f 2445 2446 2442 2441
f 2444 2448 2447 2443
f 2442 2444 2443 2441
f 2447 2448 2446 2445
o rack-4-upright-1-s
usemtl rack
v 6 19.8 0
v 6 19.8 7
v 6 19.9 0
v 6 19.9 7
v 6.1 19.8 0
v 6.1 19.8 7
v 6.1 19.9 0
v 6.1 19.9 7
f 2451 2455 2453 2449
f 2454 2456 2452 2450
f 2453 2454 2450 2449
f 2452 2456 2455 2451
f 2450 2452 2451 2449
f 2455 2456 2454 2453
o rack-4-upright-1-n
usemtl rack
v 6 20.8 0
v 6 20.8 7
v 6 20.9 0
v 6 20.9 7
v 6.1 20.8 0
v 6.1 20.8 7
v 6.1 20.9 0
v 6.1 20.9 7
f 2459 2463 2461 2457
f 2462 2464 2460 2458
f 2461 2462 2458 2457
f 2460 2464 2463 2459
f 2458 2460 2459 2457
f 2463 2464 2462 2461
o rack-4-upright-2-s
usemtl rack
v 9 19.8 0
v 9 19.8 7
v 9 19.9 0
v 9 19.9 7
v 9.1 19.8 0
v 9.1 19.8 7
v 9.1 19.9 0
v 9.1 19.9 7
f 2467 2471 2469 2465
f 2470 2472 2468 2466
f 2469 2470 2466 2465
f 2468 2472 2471 2467
f 2466 2468 2467 2465
f 2471 2472 2470 2469
o rack-4-upright-2-n
usemtl rack
v 9 20.8 0
v 9 20.8 7
v 9 20.9 0
v 9 20.9 7
v 9.1 20.8 0
v 9.1 20.8 7
v 9.1 20.9 0
v 9.1 20.9 7
f 2475 2479 2477 2473
f 2478 2480 2476 2474
f 2477 2478 2474 2473
f 2476 2480 2479 2475
f 2474 2476 2475 2473
f 2479 2480 2478 2477
o rack-4-upright-3-s
usemtl rack
v 12 19.8 0
v 12 19.8 7
v 12 19.9 0
v 12 19.9 7
v 12.1 19.8 0
v 12.1 19.8 7
v 12.1 19.9 0
v 12.1 19.9 7
f 2483 2487 2485 2481
f 2486 2488 2484 2482
f 2485 2486 2482 2481
f 2484 2488 2487 2483
f 2482 2484 2483 2481
f 2487 2488 2486 2485
o rack-4-upright-3-n
usemtl rack
v 12 20.8 0
v 12 20.8 7
v 12 20.9 0
v 12 20.9 7
v 12.1 20.8 0
v 12.1 20.8 7
v 12.1 20.9 0
v 12.1 20.9 7
f 2491 2495 2493 2489
f 2494 2496 2492 2490
f 2493 2494 2490 2489
f 2492 2496 2495 2491
f 2490 2492 2491 2489
f 2495 2496 2494 2493
o rack-4-upright-4-s
usemtl rack
v 15 19.8 0
v 15 19.8 7
v 15 19.9 0
v 15 19.9 7
v 15.1 19.8 0
v 15.1 19.8 7
v 15.1 19.9 0
v 15.1 19.9 7
f 2499 2503 2501 2497
f 2502 2504 2500 2498
f 2501 2502 2498 2497
f 2500 2504 2503 2499
f 2498 2500 2499 2497
f 2503 2504 2502 2501
o rack-4-upright-4-n
usemtl rack
v 15 20.8 0
v 15 20.8 7
v 15 20.9 0
v 15 20.9 7
v 15.1 20.8 0
v 15.1 20.8 7
v 15.1 20.9 0
v 15.1 20.9 7
f 2507 2511 2509 2505
f 2510 2512 2508 2506
f 2509 2510 2506 2505
f 2508 2512 2511 2507
f 2506 2508 2507 2505
f 2511 2512 2510 2509
o rack-4-upright-5-s
usemtl rack
v 18 19.8 0
v 18 19.8 7
v 18 19.9 0
v 18 19.9 7
v 18.1 19.8 0
v 18.1 19.8 7
v 18.1 19.9 0
v 18.1 19.9 7
f 2515 2519 2517 2513
f 2518 2520 2516 2514
f 2517 2518 2514 2513
f 2516 2520 2519 2515
f 2514 2516 2515 2513
f 2519 2520 2518 2517
o rack-4-upright-5-n
usemtl rack
v 18 20.8 0
v 18 20.8 7
v 18 20.9 0
v 18 20.9 7
v 18.1 20.8 0
v 18.1 20.8 7
v 18.1 20.9 0
v 18.1 20.9 7
f 2523 2527 2525 2521
f 2526 2528 2524 2522
f 2525 2526 2522 2521
f 2524 2528 2527 2523
f 2522 2524 2523 2521
f 2527 2528 2526 2525
o rack-4-upright-6-s
usemtl rack
v 21 19.8 0
v 21 19.8 7
v 21 19.9 0
v 21 19.9 7
v 21.1 19.8 0
v 21.1 19.8 7
v 21.1 19.9 0
v 21.1 19.9 7
f 2531 2535 2533 2529
f 2534 2536 2532 2530
f 2533 2534 2530 2529
f 2532 2536 2535 2531
f 2530 2532 2531 2529
f 2535 2536 2534 2533
o rack-4-upright-6-n
usemtl rack
v 21 20.8 0
v 21 20.8 7
v 21 20.9 0
v 21 20.9 7
v 21.1 20.8 0
v 21.1 20.8 7
v 21.1 20.9 0
v 21.1 20.9 7
f 2539 2543 2541 2537
f 2542 2544 2540 2538
f 2541 2542 2538 2537
f 2540 2544 2543 2539
f 2538 2540 2539 2537
f 2543 2544 2542 2541
o rack-4-upright-7-s
usemtl rack
v 24 19.8 0
v 24 19.8 7
v 24 19.9 0
v 24 19.9 7
v 24.1 19.8 0
v 24.1 19.8 7
v 24.1 19.9 0
v 24.1 19.9 7
f 2547 2551 2549 2545
f 2550 2552 2548 2546
f 2549 2550 2546 2545
f 2548 2552 2551 2547
f 2546 2548 2547 2545
f 2551 2552 2550 2549
o rack-4-upright-7-n
usemtl rack
v 24 20.8 0
v 24 20.8 7
v 24 20.9 0
v 24 20.9 7
v 24.1 20.8 0
v 24.1 20.8 7
v 24.1 20.9 0
v 24.1 20.9 7
f 2555 2559 2557 2553
f 2558 2560 2556 2554
f 2557 2558 2554 2553
f 2556 2560 2559 2555
f 2554 2556 2555 2553
f 2559 2560 2558 2557
o rack-4-upright-8-s
usemtl rack
v 27 19.8 0
v 27 19.8 7
v 27 19.9 0
v 27 19.9 7
v 27.1 19.8 0
v 27.1 19.8 7
v 27.1 19.9 0
v 27.1 19.9 7
f 2563 2567 2565 2561
f 2566 2568 2564 2562
f 2565 2566 2562 2561
f 2564 2568 2567 2563
f 2562 2564 2563 2561
f 2567 2568 2566 2565
o rack-4-upright-8-n
usemtl rack
v 27 20.8 0
v 27 20.8 7
v 27 20.9 0
v 27 20.9 7
v 27.1 20.8 0
v 27.1 20.8 7
v 27.1 20.9 0
v 27.1 20.9 7
f 2571 2575 2573 2569
f 2574 2576 2572 2570
f 2573 2574 2570 2569
f 2572 2576 2575 2571
f 2570 2572 2571 2569
f 2575 2576 2574 2573
o rack-4-beam-0-s
usemtl rack
v 3 19.8 1.5
v 3 19.8 1.62
v 3 19.9 1.5
v 3 19.9 1.62
v 27.1 19.8 1.5
v 27.1 19.8 1.62
v 27.1 19.9 1.5
v 27.1 19.9 1.62
f 2579 2583 2581 2577
f 2582 2584 2580 2578
f 2581 2582 2578 2577
f 2580 2584 2583 2579
f 2578 2580 2579 2577
f 2583 2584 2582 2581
o rack-4-beam-0-n
usemtl rack
v 3 20.8 1.5
v 3 20.8 1.62
v 3 20.9 1.5
v 3 20.9 1.62
v 27.1 20.8 1.5
v 27.1 20.8 1.62
v 27.1 20.9 1.5
v 27.1 20.9 1.62
f 2587 2591 2589 2585
f 2590 2592 2588 2586
f 2589 2590 2586 2585
f 2588 2592 2591 2587
f 2586 2588 2587 2585
f 2591 2592 2590 2589
o rack-4-beam-1-s
usemtl rack
v 3 19.8 3
v 3 19.8 3.12
v 3 19.9 3
v 3 19.9 3.12
v 27.1 19.8 3
v 27.1 19.8 3.12
v 27.1 19.9 3
v 27.1 19.9 3.12
f 2595 2599 2597 2593
f 2598 2600 2596 2594
f 2597 2598 2594 2593
f 2596 2600 2599 2595
f 2594 2596 2595 2593
f 2599 2600 2598 2597
o rack-4-beam-1-n
usemtl rack
v 3 20.8 3
v 3 20.8 3.12
v 3 20.9 3
v 3 20.9 3.12
v 27.1 20.8 3
v 27.1 20.8 3.12
v 27.1 20.9 3
v 27.1 20.9 3.12
f 2603 2607 2605 2601
f 2606 2608 2604 2602
f 2605 2606 2602 2601
f 2604 2608 2607 2603
f 2602 2604 2603 2601
f 2607 2608 2606 2605
o rack-4-beam-2-s
usemtl rack
v 3 19.8 4.5
v 3 19.8 4.62
v 3 19.9 4.5
v 3 19.9 4.62
v 27.1 19.8 4.5
v 27.1 19.8 4.62
v 27.1 19.9 4.5
v 27.1 19.9 4.62
f 2611 2615 2613 2609
f 2614 2616 2612 2610
f 2613 2614 2610 2609
f 2612 2616 2615 2611
f 2610 2612 2611 2609
f 2615 2616 2614 2613
o rack-4-beam-2-n
usemtl rack
v 3 20.8 4.5
v 3 20.8 4.62
v 3 20.9 4.5
v 3 20.9 4.62
v 27.1 20.8 4.5
v 27.1 20.8 4.62
v 27.1 20.9 4.5
v 27.1 20.9 4.62
f 2619 2623 2621 2617
f 2622 2624 2620 2618
f 2621 2622 2618 2617
f 2620 2624 2623 2619
f 2618 2620 2619 2617
f 2623 2624 2622 2621
o rack-4-beam-3-s
usemtl rack
v 3 19.8 6
v 3 19.8 6.12
v 3 19.9 6
v 3 19.9 6.12
v 27.1 19.8 6
v 27.1 19.8 6.12
v 27.1 19.9 6
v 27.1 19.9 6.12
f 2627 2631 2629 2625
f 2630 2632 2628 2626
f 2629 2630 2626 2625
f 2628 2632 2631 2627
f 2626 2628 2627 2625
f 2631 2632 2630 2629
o rack-4-beam-3-n
usemtl rack
v 3 20.8 6
v 3 20.8 6.12
v 3 20.9 6
v 3 20.9 6.12
v 27.1 20.8 6
v 27.1 20.8 6.12
v 27.1 20.9 6
v 27.1 20.9 6.12
f 2635 2639 2637 2633
f 2638 2640 2636 2634
f 2637 2638 2634 2633
f 2636 2640 2639 2635
f 2634 2636 2635 2633
f 2639 2640 2638 2637
o rack-4-pallet-0-1
usemtl cargo
v 3.25 19.85 1.62
v 3.25 19.85 2.72
v 3.25 20.85 1.62
v 3.25 20.85 2.72
v 5.85 19.85 1.62
v 5.85 19.85 2.72
v 5.85 20.85 1.62
v 5.85 20.85 2.72
f 2643 2647 2645 2641
f 2646 2648 2644 2642
f 2645 2646 2642 2641
f 2644 2648 2647 2643
f 2642 2644 2643 2641
f 2647 2648 2646 2645
o rack-4-pallet-0-2
usemtl cargo
v 3.25 19.85 3.12
v 3.25 19.85 4.22
v 3.25 20.85 3.12
v 3.25 20.85 4.22
v 5.85 19.85 3.12
v 5.85 19.85 4.22
v 5.85 20.85 3.12
v 5.85 20.85 4.22
f 2651 2655 2653 2649
f 2654 2656 2652 2650
f 2653 2654 2650 2649
f 2652 2656 2655 2651
f 2650 2652 2651 2649
f 2655 2656 2654 2653
o rack-4-pallet-0-3
usemtl cargo
v 3.25 19.85 4.62
v 3.25 19.85 5.72
v 3.25 20.85 4.62
v 3.25 20.85 5.72
v 5.85 19.85 4.62
v 5.85 19.85 5.72
v 5.85 20.85 4.62
v 5.85 20.85 5.72
f 2659 2663 2661 2657
f 2662 2664 2660 2658
f 2661 2662 2658 2657
f 2660 2664 2663 2659
f 2658 2660 2659 2657
f 2663 2664 2662 2661
o rack-4-pallet-1-0
usemtl cargo
v 6.25 19.85 0
v 6.25 19.85 1.1
v 6.25 20.85 0
v 6.25 20.85 1.1
v 8.85 19.85 0
v 8.85 19.85 1.1
v 8.85 20.85 0
v 8.85 20.85 1.1
f 2667 2671 2669 2665
f 2670 2672 2668 2666
f 2669 2670 2666 2665
f 2668 2672 2671 2667
f 2666 2668 2667 2665
f 2671 2672 2670 2669
o rack-4-pallet-1-2
usemtl cargo
v 6.25 19.85 3.12
v 6.25 19.85 4.22
v 6.25 20.85 3.12
v 6.25 20.85 4.22
v 8.85 19.85 3.12
v 8.85 19.85 4.22
v 8.85 20.85 3.12
v 8.85 20.85 4.22
f 2675 2679 2677 2673
f 2678 2680 2676 2674
f 2677 2678 2674 2673
f 2676 2680 2679 2675
f 2674 2676 2675 2673
f 2679 2680 2678 2677
o rack-4-pallet-1-3
usemtl cargo
v 6.25 19.85 4.62
v 6.25 19.85 5.72
v 6.25 20.85 4.62
v 6.25 20.85 5.72
v 8.85 19.85 4.62
v 8.85 19.85 5.72
v 8.85 20.85 4.62
v 8.85 20.85 5.72
f 2683 2687 2685 2681
f 2686 2688 2684 2682
f 2685 2686 2682 2681
f 2684 2688 2687 2683
f 2682 2684 2683 2681
f 2687 2688 2686 2685
o rack-4-pallet-1-4
usemtl cargo
v 6.25 19.85 6.12
v 6.25 19.85 7.22
v 6.25 20.85 6.12
v 6.25 20.85 7.22
v 8.85 19.85 6.12
v 8.85 19.85 7.22
v 8.85 20.85 6.12
v 8.85 20.85 7.22
f 2691 2695 2693 2689
f 2694 2696 2692 2690
f 2693 2694 2690 2689
f 2692 2696 2695 2691
f 2690 2692 2691 2689
f 2695 2696 2694 2693
o rack-4-pallet-2-0
usemtl cargo
v 9.25 19.85 0
v 9.25 19.85 1.1
v 9.25 20.85 0
v 9.25 20.85 1.1
v 11.85 19.85 0
v 11.85 19.85 1.1
v 11.85 20.85 0
v 11.85 20.85 1.1
f 2699 2703 2701 2697
f 2702 2704 2700 2698
f 2701 2702 2698 2697
f 2700 2704 2703 2699
f 2698 2700 2699 2697
f 2703 2704 2702 2701
o rack-4-pallet-2-1
usemtl cargo
v 9.25 19.85 1.62
v 9.25 19.85 2.72
v 9.25 20.85 1.62
v 9.25 20.85 2.72
v 11.85 19.85 1.62
v 11.85 19.85 2.72
v 11.85 20.85 1.62
v 11.85 20.85 2.72
f 2707 2711 2709 2705
f 2710 2712 2708 2706
f 2709 2710 2706 2705
f 2708 2712 2711 2707
f 2706 2708 2707 2705
f 2711 2712 2710 2709
o rack-4-pallet-2-3
usemtl cargo
v 9.25 19.85 4.62
v 9.25 19.85 5.72
v 9.25 20.85 4.62
v 9.25 20.85 5.72
v 11.85 19.85 4.62
v 11.85 19.85 5.72
v 11.85 20.85 4.62
v 11.85 20.85 5.72
f 2715 2719 2717 2713
f 2718 2720 2716 2714
f 2717 2718 2714 2713
f 2716 2720 2719 2715
f 2714 2716 2715 2713
f 2719 2720 2718 2717
o rack-4-pallet-2-4
usemtl cargo
v 9.25 19.85 6.12
v 9.25 19.85 7.22
v 9.25 20.85 6.12
v 9.25 20.85 7.22
v 11.85 19.85 6.12
v 11.85 19.85 7.22
v 11.85 20.85 6.12
v 11.85 20.85 7.22
f 2723 2727 2725 2721
f 2726 2728 2724 2722
f 2725 2726 2722 2721
f 2724 2728 2727 2723
f 2722 2724 2723 2721
f 2727 2728 2726 2725
o rack-4-pallet-3-0
usemtl cargo
v 12.25 19.85 0
v 12.25 19.85 1.1
v 12.25 20.85 0
v 12.25 20.85 1.1
v 14.85 19.85 0
v 14.85 19.85 1.1
v 14.85 20.85 0
v 14.85 20.85 1.1
f 2731 2735 2733 2729
f 2734 2736 2732 2730
f 2733 2734 2730 2729
f 2732 2736 2735 2731
f 2730 2732 2731 2729
f 2735 2736 2734 2733
o rack-4-pallet-3-1
usemtl cargo
v 12.25 19.85 1.62
v 12.25 19.85 2.72
v 12.25 20.85 1.62
v 12.25 20.85 2.72
v 14.85 19.85 1.62
v 14.85 19.85 2.72
v 14.85 20.85 1.62
v 14.85 20.85 2.72
f 2739 2743 2741 2737
f 2742 2744 2740 2738
f 2741 2742 2738 2737
f 2740 2744 2743 2739
f 2738 2740 2739 2737
f 2743 2744 2742 2741
o rack-4-pallet-3-2
usemtl cargo
v 12.25 19.85 3.12
v 12.25 19.85 4.22
v 12.25 20.85 3.12
v 12.25 20.85 4.22
v 14.85 19.85 3.12
v 14.85 19.85 4.22
v 14.85 20.85 3.12
v 14.85 20.85 4.22
f 2747 2751 2749 2745
f 2750 2752 2748 2746
f 2749 2750 2746 2745
f 2748 2752 2751 2747
f 2746 2748 2747 2745
f 2751 2752 2750 2749
o rack-4-pallet-3-4
usemtl cargo
v 12.25 19.85 6.12
v 12.25 19.85 7.22
v 12.25 20.85 6.12
v 12.25 20.85 7.22
v 14.85 19.85 6.12
v 14.85 19.85 7.22
v 14.85 20.85 6.12
v 14.85 20.85 7.22
f 2755 2759 2757 2753
f 2758 2760 2756 2754
f 2757 2758 2754 2753
f 2756 2760 2759 2755
f 2754 2756 2755 2753
f 2759 2760 2758 2757
o rack-4-pallet-4-1
usemtl cargo
v 15.25 19.85 1.62
v 15.25 19.85 2.72
v 15.25 20.85 1.62
v 15.25 20.85 2.72
v 17.85 19.85 1.62
v 17.85 19.85 2.72
v 17.85 20.85 1.62
v 17.85 20.85 2.72
f 2763 2767 2765 2761
f 2766 2768 2764 2762
f 2765 2766 2762 2761
f 2764 2768 2767 2763
f 2762 2764 2763 2761
f 2767 2768 2766 2765
o rack-4-pallet-4-2
usemtl cargo
v 15.25 19.85 3.12
v 15.25 19.85 4.22
v 15.25 20.85 3.12
v 15.25 20.85 4.22
v 17.85 19.85 3.12
v 17.85 19.85 4.22
v 17.85 20.85 3.12
v 17.85 20.85 4.22
f 2771 2775 2773 2769
f 2774 2776 2772 2770
f 2773 2774 2770 2769
f 2772 2776 2775 2771
f 2770 2772 2771 2769
f 2775 2776 2774 2773
o rack-4-pallet-4-3
usemtl cargo
v 15.25 19.85 4.62
v 15.25 19.85 5.72
v 15.25 20.85 4.62
v 15.25 20.85 5.72
v 17.85 19.85 4.62
v 17.85 19.85 5.72
v 17.85 20.85 4.62
v 17.85 20.85 5.72
f 2779 2783 2781 2777
f 2782 2784 2780 2778
f 2781 2782 2778 2777
f 2780 2784 2783 2779
f 2778 2780 2779 2777
f 2783 2784 2782 2781
o rack-4-pallet-5-0
usemtl cargo
v 18.25 19.85 0
v 18.25 19.85 1.1
v 18.25 20.85 0
v 18.25 20.85 1.1
v 20.85 19.85 0
v 20.85 19.85 1.1
v 20.85 20.85 0
v 20.85 20.85 1.1
f 2787 2791 2789 2785
f 2790 2792 2788 2786
f 2789 2790 2786 2785
f 2788 2792 2791 2787
f 2786 2788 2787 2785
f 2791 2792 2790 2789
o rack-4-pallet-5-2
usemtl cargo
v 18.25 19.85 3.12
v 18.25 19.85 4.22
v 18.25 20.85 3.12
v 18.25 20.85 4.22
v 20.85 19.85 3.12
v 20.85 19.85 4.22
v 20.85 20.85 3.12
v 20.85 20.85 4.22
f 2795 2799 2797 2793
f 2798 2800 2796 2794
f 2797 2798 2794 2793
f 2796 2800 2799 2795
f 2794 2796 2795 2793
f 2799 2800 2798 2797
o rack-4-pallet-5-3
usemtl cargo
v 18.25 19.85 4.62
v 18.25 19.85 5.72
v 18.25 20.85 4.62
v 18.25 20.85 5.72
v 20.85 19.85 4.62
v 20.85 19.85 5.72
v 20.85 20.85 4.62
v 20.85 20.85 5.72
f 2803 2807 2805 2801
f 2806 2808 2804 2802
f 2805 2806 2802 2801
f 2804 2808 2807 2803
f 2802 2804 2803 2801
f 2807 2808 2806 2805
o rack-4-pallet-5-4
usemtl cargo
v 18.25 19.85 6.12
v 18.25 19.85 7.22
v 18.25 20.85 6.12
v 18.25 20.85 7.22
v 20.85 19.85 6.12
v 20.85 19.85 7.22
v 20.85 20.85 6.12
v 20.85 20.85 7.22
f 2811 2815 2813 2809
f 2814 2816 2812 2810
f 2813 2814 2810 2809
f 2812 2816 2815 2811
f 2810 2812 2811 2809
f 2815 2816 2814 2813
o rack-4-pallet-6-0
usemtl cargo
v 21.25 19.85 0
v 21.25 19.85 1.1
v 21.25 20.85 0
v 21.25 20.85 1.1
v 23.85 19.85 0
v 23.85 19.85 1.1
v 23.85 20.85 0
v 23.85 20.85 1.1
f 2819 2823 2821 2817
f 2822 2824 2820 2818
f 2821 2822 2818 2817
f 2820 2824 2823 2819
f 2818 2820 2819 2817
f 2823 2824 2822 2821
o rack-4-pallet-6-1
usemtl cargo
v 21.25 19.85 1.62
v 21.25 19.85 2.72
v 21.25 20.85 1.62
v 21.25 20.85 2.72
v 23.85 19.85 1.62
v 23.85 19.85 2.72
v 23.85 20.85 1.62
v 23.85 20.85 2.72
f 2827 2831 2829 2825
f 2830 2832 2828 2826
f 2829 2830 2826 2825
f 2828 2832 2831 2827
f 2826 2828 2827 2825
f 2831 2832 2830 2829
o rack-4-pallet-6-3
usemtl cargo
v 21.25 19.85 4.62
v 21.25 19.85 5.72
v 21.25 20.85 4.62
v 21.25 20.85 5.72
v 23.85 19.85 4.62
v 23.85 19.85 5.72
v 23.85 20.85 4.62
v 23.85 20.85 5.72
f 2835 2839 2837 2833
f 2838 2840 2836 2834
f 2837 2838 2834 2833
f 2836 2840 2839 2835
f 2834 2836 2835 2833
f 2839 2840 2838 2837
o rack-4-pallet-6-4
usemtl cargo
v 21.25 19.85 6.12
v 21.25 19.85 7.22
v 21.25 20.85 6.12
v 21.25 20.85 7.22
v 23.85 19.85 6.12
v 23.85 19.85 7.22
v 23.85 20.85 6.12
v 23.85 20.85 7.22
f 2843 2847 2845 2841
f 2846 2848 2844 2842
f 2845 2846 2842 2841
f 2844 2848 2847 2843
f 2842 2844 2843 2841
f 2847 2848 2846 2845
o rack-4-pallet-7-0
usemtl cargo
v 24.25 19.85 0
v 24.25 19.85 1.1
v 24.25 20.85 0
v 24.25 20.85 1.1
v 26.85 19.85 0
v 26.85 19.85 1.1
v 26.85 20.85 0
v 26.85 20.85 1.1
f 2851 2855 2853 2849
f 2854 2856 2852 2850
f 2853 2854 2850 2849
f 2852 2856 2855 2851
f 2850 2852 2851 2849
f 2855 2856 2854 2853
o rack-4-pallet-7-1
usemtl cargo
v 24.25 19.85 1.62
v 24.25 19.85 2.72
v 24.25 20.85 1.62
v 24.25 20.85 2.72
v 26.85 19.85 1.62
v 26.85 19.85 2.72
v 26.85 20.85 1.62
v 26.85 20.85 2.72
f 2859 2863 2861 2857
f 2862 2864 2860 2858
f 2861 2862 2858 2857
f 2860 2864 2863 2859
f 2858 2860 2859 2857
f 2863 2864 2862 2861
o rack-4-pallet-7-2
usemtl cargo
v 24.25 19.85 3.12
v 24.25 19.85 4.22
v 24.25 20.85 3.12
v 24.25 20.85 4.22
v 26.85 19.85 3.12
v 26.85 19.85 4.22
v 26.85 20.85 3.12
v 26.85 20.85 4.22
f 2867 2871 2869 2865
f 2870 2872 2868 2866
f 2869 2870 2866 2865
f 2868 2872 2871 2867
f 2866 2868 2867 2865
f 2871 2872 2870 2869
o rack-4-pallet-7-4
usemtl cargo
v 24.25 19.85 6.12
v 24.25 19.85 7.22
v 24.25 20.85 6.12
v 24.25 20.85 7.22
v 26.85 19.85 6.12
v 26.85 19.85 7.22
v 26.85 20.85 6.12
v 26.85 20.85 7.22
f 2875 2879 2877 2873
f 2878 2880 2876 2874
f 2877 2878 2874 2873
f 2876 2880 2879 2875
f 2874 2876 2875 2873
f 2879 2880 2878 2877
o mezzanine-deck
usemtl metal
v 30 14 3.4
v 30 14 3.7
v 30 25.8 3.4
v 30 25.8 3.7
v 39.8 14 3.4
v 39.8 14 3.7
v 39.8 25.8 3.4
v 39.8 25.8 3.7
f 2883 2887 2885 2881
f 2886 2888 2884 2882
f 2885 2886 2882 2881
f 2884 2888 2887 2883
f 2882 2884 2883 2881
f 2887 2888 2886 2885
o mezzanine-column-0
usemtl metal
v 30.25 14.25 0
v 30.25 14.25 3.4
v 30.25 14.55 0
v 30.25 14.55 3.4
v 30.55 14.25 0
v 30.55 14.25 3.4
v 30.55 14.55 0
v 30.55 14.55 3.4
f 2891 2895 2893 2889
f 2894 2896 2892 2890
f 2893 2894 2890 2889
f 2892 2896 2895 2891
f 2890 2892 2891 2889
f 2895 2896 2894 2893
o mezzanine-column-1
usemtl metal
v 34.65 14.25 0
v 34.65 14.25 3.4
v 34.65 14.55 0
v 34.65 14.55 3.4
v 34.95 14.25 0
v 34.95 14.25 3.4
v 34.95 14.55 0
v 34.95 14.55 3.4
f 2899 2903 2901 2897
f 2902 2904 2900 2898
f 2901 2902 2898 2897
f 2900 2904 2903 2899
f 2898 2900 2899 2897
f 2903 2904 2902 2901
o mezzanine-column-2
usemtl metal
v 30.25 19.85 0
v 30.25 19.85 3.4
v 30.25 20.15 0
v 30.25 20.15 3.4
v 30.55 19.85 0
v 30.55 19.85 3.4
v 30.55 20.15 0
v 30.55 20.15 3.4
f 2907 2911 2909 2905
f 2910 2912 2908 2906
f 2909 2910 2906 2905
f 2908 2912 2911 2907
f 2906 2908 2907 2905
f 2911 2912 2910 2909
o mezzanine-column-3
usemtl metal
v 34.65 19.85 0
v 34.65 19.85 3.4
v 34.65 20.15 0
v 34.65 20.15 3.4
v 34.95 19.85 0
v 34.95 19.85 3.4
v 34.95 20.15 0
v 34.95 20.15 3.4
f 2915 2919 2917 2913
f 2918 2920 2916 2914
f 2917 2918 2914 2913
f 2916 2920 2919 2915
f 2914 2916 2915 2913
f 2919 2920 2918 2917
o mezzanine-rail-south
usemtl metal
v 30 13.975 3.7
v 30 13.975 4.8
v 30 14.025 3.7
v 30 14.025 4.8
v 39.8 13.975 3.7
v 39.8 13.975 4.8
v 39.8 14.025 3.7
v 39.8 14.025 4.8
f 2923 2927 2925 2921
f 2926 2928 2924 2922
f 2925 2926 2922 2921
f 2924 2928 2927 2923
f 2922 2924 2923 2921
f 2927 2928 2926 2925
o mezzanine-rail-west-a
usemtl metal
v 29.975 14 3.7
v 29.975 14 4.8
v 29.975 22 3.7
v 29.975 22 4.8
v 30.025 14 3.7
v 30.025 14 4.8
v 30.025 22 3.7
v 30.025 22 4.8
f 2931 2935 2933 2929
f 2934 2936 2932 2930
f 2933 2934 2930 2929
f 2932 2936 2935 2931
f 2930 2932 2931 2929
f 2935 2936 2934 2933
o mezzanine-rail-west-b
usemtl metal
v 29.975 23.2 3.7
v 29.975 23.2 4.8
v 29.975 25.8 3.7
v 29.975 25.8 4.8
v 30.025 23.2 3.7
v 30.025 23.2 4.8
v 30.025 25.8 3.7
v 30.025 25.8 4.8
f 2939 2943 2941 2937
f 2942 2944 2940 2938
f 2941 2942 2938 2937
f 2940 2944 2943 2939
f 2938 2940 2939 2937
f 2943 2944 2942 2941
o mezzanine-stair-step-00
usemtl concrete
v 29.8 22 0
v 29.8 22 0.2056
v 29.8 23.2 0
v 29.8 23.2 0.2056
v 30 22 0
v 30 22 0.2056
v 30 23.2 0
v 30 23.2 0.2056
f 2947 2951 2949 2945
f 2950 2952 2948 2946
f 2949 2950 2946 2945
f 2948 2952 2951 2947
f 2946 2948 2947 2945
f 2951 2952 2950 2949
o mezzanine-stair-step-01
usemtl concrete
v 29.6 22 0
v 29.6 22 0.4111
v 29.6 23.2 0
v 29.6 23.2 0.4111
v 29.8 22 0
v 29.8 22 0.4111
v 29.8 23.2 0
v 29.8 23.2 0.4111
f 2955 2959 2957 2953
f 2958 2960 2956 2954
f 2957 2958 2954 2953
f 2956 2960 2959 2955
f 2954 2956 2955 2953
f 2959 2960 2958 2957
o mezzanine-stair-step-02
usemtl concrete
v 29.4 22 0
v 29.4 22 0.6167
v 29.4 23.2 0
v 29.4 23.2 0.6167
v 29.6 22 0
v 29.6 22 0.6167
v 29.6 23.2 0
v 29.6 23.2 0.6167
f 2963 2967 2965 2961
f 2966 2968 2964 2962
f 2965 2966 2962 2961
f 2964 2968 2967 2963
f 2962 2964 2963 2961
f 2967 2968 2966 2965
o mezzanine-stair-step-03
usemtl concrete
v 29.2 22 0
v 29.2 22 0.8222
v 29.2 23.2 0
v 29.2 23.2 0.8222
v 29.4 22 0
v 29.4 22 0.8222
v 29.4 23.2 0
v 29.4 23.2 0.8222
f 2971 2975 2973 2969
f 2974 2976 2972 2970
f 2973 2974 2970 2969
f 2972 2976 2975 2971
f 2970 2972 2971 2969
f 2975 2976 2974 2973
o mezzanine-stair-step-04
usemtl concrete
v 29 22 0
v 29 22 1.0278
v 29 23.2 0
v 29 23.2 1.0278
v 29.2 22 0
v 29.2 22 1.0278
v 29.2 23.2 0
v 29.2 23.2 1.0278
f 2979 2983 2981 2977
f 2982 2984 2980 2978
f 2981 2982 2978 2977
f 2980 2984 2983 2979
f 2978 2980 2979 2977
f 2983 2984 2982 2981
o mezzanine-stair-step-05
usemtl concrete
v 28.8 22 0
v 28.8 22 1.2333
v 28.8 23.2 0
v 28.8 23.2 1.2333
v 29 22 0
v 29 22 1.2333
v 29 23.2 0
v 29 23.2 1.2333
f 2987 2991 2989 2985
f 2990 2992 2988 2986
f 2989 2990 2986 2985
f 2988 2992 2991 2987
f 2986 2988 2987 2985
f 2991 2992 2990 2989
o mezzanine-stair-step-06
usemtl concrete
v 28.6 22 0
v 28.6 22 1.4389
v 28.6 23.2 0
v 28.6 23.2 1.4389
v 28.8 22 0
v 28.8 22 1.4389
v 28.8 23.2 0
v 28.8 23.2 1.4389
f 2995 2999 2997 2993
f 2998 3000 2996 2994
f 2997 2998 2994 2993
f 2996 3000 2999 2995
f 2994 2996 2995 2993
f 2999 3000 2998 2997
o mezzanine-stair-step-07
usemtl concrete
v 28.4 22 0
v 28.4 22 1.6444
v 28.4 23.2 0
v 28.4 23.2 1.6444
v 28.6 22 0
v 28.6 22 1.6444
v 28.6 23.2 0
v 28.6 23.2 1.6444
f 3003 3007 3005 3001
f 3006 3008 3004 3002
f 3005 3006 3002 3001
f 3004 3008 3007 3003
f 3002 3004 3003 3001
f 3007 3008 3006 3005
o mezzanine-stair-step-08
usemtl concrete
v 28.2 22 0
v 28.2 22 1.85
v 28.2 23.2 0
v 28.2 23.2 1.85
v 28.4 22 0
v 28.4 22 1.85
v 28.4 23.2 0
v 28.4 23.2 1.85
f 3011 3015 3013 3009
f 3014 3016 3012 3010
f 3013 3014 3010 3009
f 3012 3016 3015 3011
f 3010 3012 3011 3009
f 3015 3016 3014 3013
o mezzanine-stair-step-09
usemtl concrete
v 28 22 0
v 28 22 2.0556
v 28 23.2 0
v 28 23.2 2.0556
v 28.2 22 0
v 28.2 22 2.0556
v 28.2 23.2 0
v 28.2 23.2 2.0556
f 3019 3023 3021 3017
f 3022 3024 3020 3018
f 3021 3022 3018 3017
f 3020 3024 3023 3019
f 3018 3020 3019 3017
f 3023 3024 3022 3021
o mezzanine-stair-step-10
usemtl concrete
v 27.8 22 0
v 27.8 22 2.2611
v 27.8 23.2 0
v 27.8 23.2 2.2611
v 28 22 0
v 28 22 2.2611
v 28 23.2 0
v 28 23.2 2.2611
f 3027 3031 3029 3025
f 3030 3032 3028 3026
f 3029 3030 3026 3025
f 3028 3032 3031 3027
f 3026 3028 3027 3025
f 3031 3032 3030 3029
o mezzanine-stair-step-11
usemtl concrete
v 27.6 22 0
v 27.6 22 2.4667
v 27.6 23.2 0
v 27.6 23.2 2.4667
v 27.8 22 0
v 27.8 22 2.4667
v 27.8 23.2 0
v 27.8 23.2 2.4667
f 3035 3039 3037 3033
f 3038 3040 3036 3034
f 3037 3038 3034 3033
f 3036 3040 3039 3035
f 3034 3036 3035 3033
f 3039 3040 3038 3037
o mezzanine-stair-step-12
usemtl concrete
v 27.4 22 0
v 27.4 22 2.6722
v 27.4 23.2 0
v 27.4 23.2 2.6722
v 27.6 22 0
v 27.6 22 2.6722
v 27.6 23.2 0
v 27.6 23.2 2.6722
f 3043 3047 3045 3041
f 3046 3048 3044 3042
f 3045 3046 3042 3041
f 3044 3048 3047 3043
f 3042 3044 3043 3041
f 3047 3048 3046 3045
o mezzanine-stair-step-13
usemtl concrete
v 27.2 22 0
v 27.2 22 2.8778
v 27.2 23.2 0
v 27.2 23.2 2.8778
v 27.4 22 0
v 27.4 22 2.8778
v 27.4 23.2 0
v 27.4 23.2 2.8778
f 3051 3055 3053 3049
f 3054 3056 3052 3050
f 3053 3054 3050 3049
f 3052 3056 3055 3051
f 3050 3052 3051 3049
f 3055 3056 3054 3053
o mezzanine-stair-step-14
usemtl concrete
v 27 22 0
v 27 22 3.0833
v 27 23.2 0
v 27 23.2 3.0833
v 27.2 22 0
v 27.2 22 3.0833
v 27.2 23.2 0
v 27.2 23.2 3.0833
f 3059 3063 3061 3057
f 3062 3064 3060 3058
f 3061 3062 3058 3057
f 3060 3064 3063 3059
f 3058 3060 3059 3057
f 3063 3064 3062 3061
o mezzanine-stair-step-15
usemtl concrete
v 26.8 22 0
v 26.8 22 3.2889
v 26.8 23.2 0
v 26.8 23.2 3.2889
v 27 22 0
v 27 22 3.2889
v 27 23.2 0
v 27 23.2 3.2889
f 3067 3071 3069 3065
f 3070 3072 3068 3066
f 3069 3070 3066 3065
f 3068 3072 3071 3067
f 3066 3068 3067 3065
f 3071 3072 3070 3069
o mezzanine-stair-step-16
usemtl concrete
v 26.6 22 0
v 26.6 22 3.4944
v 26.6 23.2 0
v 26.6 23.2 3.4944
v 26.8 22 0
v 26.8 22 3.4944
v 26.8 23.2 0
v 26.8 23.2 3.4944
f 3075 3079 3077 3073
f 3078 3080 3076 3074
f 3077 3078 3074 3073
f 3076 3080 3079 3075
f 3074 3076 3075 3073
f 3079 3080 3078 3077
o mezzanine-stair-step-17
usemtl concrete
v 26.4 22 0
v 26.4 22 3.7
v 26.4 23.2 0
v 26.4 23.2 3.7
v 26.6 22 0
v 26.6 22 3.7
v 26.6 23.2 0
v 26.6 23.2 3.7
f 3083 3087 3085 3081
f 3086 3088 3084 3082
f 3085 3086 3082 3081
f 3084 3088 3087 3083
f 3082 3084 3083 3081
f 3087 3088 3086 3085
o mezzanine-office
usemtl wall
v 34 20 3.7
v 34 20 6.5
v 34 25.8 3.7
v 34 25.8 6.5
v 39.8 20 3.7
v 39.8 20 6.5
v 39.8 25.8 3.7
v 39.8 25.8 6.5
f 3091 3095 3093 3089
f 3094 3096 3092 3090
f 3093 3094 3090 3089
f 3092 3096 3095 3091
f 3090 3092 3091 3089
f 3095 3096 3094 3093
o mezzanine-office-window
usemtl glass
v 33.98 21 4.6
v 33.98 21 5.8
v 33.98 25 4.6
v 33.98 25 5.8
v 34 21 4.6
v 34 21 5.8
v 34 25 4.6
v 34 25 5.8
f 3099 3103 3101 3097
f 3102 3104 3100 3098
f 3101 3102 3098 3097
f 3100 3104 3103 3099
f 3098 3100 3099 3097
f 3103 3104 3102 3101
o forklift-body
usemtl vehicle
v 31 6 0
v 31 6 1.4
v 31 7.2 0
v 31 7.2 1.4
v 33.4 6 0
v 33.4 6 1.4
v 33.4 7.2 0
v 33.4 7.2 1.4
f 3107 3111 3109 3105
f 3110 3112 3108 3106
f 3109 3110 3106 3105
f 3108 3112 3111 3107
f 3106 3108 3107 3105
f 3111 3112 3110 3109
o forklift-mast
usemtl metal
v 30.7 6.1 0
v 30.7 6.1 3
v 30.7 7.1 0
v 30.7 7.1 3
v 31 6.1 0
v 31 6.1 3
v 31 7.1 0
v 31 7.1 3
f 3115 3119 3117 3113
f 3118 3120 3116 3114
f 3117 3118 3114 3113
f 3116 3120 3119 3115
f 3114 3116 3115 3113
f 3119 3120 3118 3117
o forklift-guard
usemtl metal
v 31.3 6 2
v 31.3 6 2.1
v 31.3 7.2 2
v 31.3 7.2 2.1
v 32.6 6 2
v 32.6 6 2.1
v 32.6 7.2 2
v 32.6 7.2 2.1
f 3123 3127 3125 3121
f 3126 3128 3124 3122
f 3125 3126 3122 3121
f 3124 3128 3127 3123
f 3122 3124 3123 3121
f 3127 3128 3126 3125
o forklift-post
usemtl metal
v 32.5 6 1.4
v 32.5 6 2
v 32.5 7.2 1.4
v 32.5 7.2 2
v 32.6 6 1.4
v 32.6 6 2
v 32.6 7.2 1.4
v 32.6 7.2 2
f 3131 3135 3133 3129
f 3134 3136 3132 3130
f 3133 3134 3130 3129
f 3132 3136 3135 3131
f 3130 3132 3131 3129
f 3135 3136 3134 3133
o staging-pallet-0
usemtl cargo
v 12 0.6 0
v 12 0.6 1
v 12 1.6 0
v 12 1.6 1
v 13.2 0.6 0
v 13.2 0.6 1
v 13.2 1.6 0
v 13.2 1.6 1
f 3139 3143 3141 3137
f 3142 3144 3140 3138
f 3141 3142 3138 3137
f 3140 3144 3143 3139
f 3138 3140 3139 3137
f 3143 3144 3142 3141
o staging-pallet-1
usemtl cargo
v 20 0.6 0
v 20 0.6 1
v 20 1.6 0
v 20 1.6 1
v 21.2 0.6 0
v 21.2 0.6 1
v 21.2 1.6 0
v 21.2 1.6 1
f 3147 3151 3149 3145
f 3150 3152 3148 3146
f 3149 3150 3146 3145
f 3148 3152 3151 3147
f 3146 3148 3147 3145
f 3151 3152 3150 3149
o conveyor
usemtl metal
v 4 23 0
v 4 23 0.9
v 4 23.8 0
v 4 23.8 0.9
v 26 23 0
v 26 23 0.9
v 26 23.8 0
v 26 23.8 0.9
f 3155 3159 3157 3153
f 3158 3160 3156 3154
f 3157 3158 3154 3153
f 3156 3160 3159 3155
f 3154 3156 3155 3153
f 3159 3160 3158 3157
o ground-visual-only
usemtl ground
v 0 0 0
v 40 0 0
v 40 26 0
v 0 26 0
f 3161 3162 3163 3164
